image_path,label
consolidated_eye_fundus_images/0736_OI_f_1.jpg,1
consolidated_eye_fundus_images/0100_OD_f_1.jpg,1
consolidated_eye_fundus_images/0101_OI_f_1.jpg,1
consolidated_eye_fundus_images/1029_OD_f_1.jpg,1
consolidated_eye_fundus_images/0102_OD_f_1.jpg,1
consolidated_eye_fundus_images/1030_OI_f_1.jpg,1
consolidated_eye_fundus_images/1031_OD_f_1.jpg,1
consolidated_eye_fundus_images/1032_OD_f_1.jpg,1
consolidated_eye_fundus_images/1034_OD_f_1.jpg,1
consolidated_eye_fundus_images/1035_OI_f_1.jpg,1
consolidated_eye_fundus_images/1036_OD_f_1.jpg,1
consolidated_eye_fundus_images/1037_OI_f_1.jpg,1
consolidated_eye_fundus_images/1038_OD_f_1.jpg,1
consolidated_eye_fundus_images/1039_OD_f_1.jpg,1
consolidated_eye_fundus_images/0103_OI_f_1.jpg,1
consolidated_eye_fundus_images/1040_OI_f_1.jpg,1
consolidated_eye_fundus_images/1041_OD_f_1.jpg,1
consolidated_eye_fundus_images/1042_OI_f_1.jpg,1
consolidated_eye_fundus_images/1043_OD_f_1.jpg,1
consolidated_eye_fundus_images/1044_OI_f_1.jpg,1
consolidated_eye_fundus_images/1045_OI_f_1.jpg,1
consolidated_eye_fundus_images/1046_OD_f_1.jpg,1
consolidated_eye_fundus_images/1047_OD_f_1.jpg,1
consolidated_eye_fundus_images/1048_OD_f_1.jpg,1
consolidated_eye_fundus_images/0104_OD_f_1.jpg,1
consolidated_eye_fundus_images/1050_OI_f_1.jpg,1
consolidated_eye_fundus_images/1051_OI_f_1.jpg,1
consolidated_eye_fundus_images/1052_OD_f_1.jpg,1
consolidated_eye_fundus_images/1053_OD_f_1.jpg,1
consolidated_eye_fundus_images/1054_OI_f_1.jpg,1
consolidated_eye_fundus_images/1055_OI_f_1.jpg,1
consolidated_eye_fundus_images/1056_OD_f_1.jpg,1
consolidated_eye_fundus_images/1057_OI_f_1.jpg,1
consolidated_eye_fundus_images/1058_OD_f_1.jpg,1
consolidated_eye_fundus_images/1059_OI_f_1.jpg,1
consolidated_eye_fundus_images/0105_OI_f_1.jpg,1
consolidated_eye_fundus_images/1060_OD_f_1.jpg,1
consolidated_eye_fundus_images/1063_OD_f_1.jpg,1
consolidated_eye_fundus_images/1064_OI_f_1.jpg,1
consolidated_eye_fundus_images/1065_OI_f_1.jpg,1
consolidated_eye_fundus_images/1066_OI_f_1.jpg,1
consolidated_eye_fundus_images/1067_OD_f_1.jpg,1
consolidated_eye_fundus_images/1068_OI_f_1.jpg,1
consolidated_eye_fundus_images/1069_OD_f_1.jpg,1
consolidated_eye_fundus_images/0106_OD_f_1.jpg,1
consolidated_eye_fundus_images/1071_OD_f_1.jpg,1
consolidated_eye_fundus_images/1072_OI_f_1.jpg,1
consolidated_eye_fundus_images/1073_OI_f_1.jpg,1
consolidated_eye_fundus_images/1074_OI_f_1.jpg,1
consolidated_eye_fundus_images/1076_OI_f_1.jpg,1
consolidated_eye_fundus_images/1077_OI_f_1.jpg,1
consolidated_eye_fundus_images/1078_OI_f_1.jpg,1
consolidated_eye_fundus_images/1079_OD_f_1.jpg,1
consolidated_eye_fundus_images/0107_OI_f_1.jpg,1
consolidated_eye_fundus_images/1080_OI_f_1.jpg,1
consolidated_eye_fundus_images/1082_OI_f_1.jpg,1
consolidated_eye_fundus_images/1083_OD_f_1.jpg,1
consolidated_eye_fundus_images/1084_OI_f_1.jpg,1
consolidated_eye_fundus_images/1085_OD_f_1.jpg,1
consolidated_eye_fundus_images/1086_OI_f_1.jpg,1
consolidated_eye_fundus_images/1087_OD_f_1.jpg,1
consolidated_eye_fundus_images/1089_OI_f_1.jpg,1
consolidated_eye_fundus_images/0108_OD_f_1.jpg,1
consolidated_eye_fundus_images/1090_OI_f_1.jpg,1
consolidated_eye_fundus_images/1091_OI_f_1.jpg,1
consolidated_eye_fundus_images/1092_OD_f_1.jpg,1
consolidated_eye_fundus_images/1093_OD_f_1.jpg,1
consolidated_eye_fundus_images/1094_OI_f_1.jpg,1
consolidated_eye_fundus_images/1095_OD_f_1.jpg,1
consolidated_eye_fundus_images/1096_OI_f_1.jpg,1
consolidated_eye_fundus_images/1097_OD_f_1.jpg,1
consolidated_eye_fundus_images/1098_OI_f_1.jpg,1
consolidated_eye_fundus_images/1099_OD_f_1.jpg,1
consolidated_eye_fundus_images/0109_OI_f_1.jpg,1
consolidated_eye_fundus_images/0010_OI_f_1.jpg,1
consolidated_eye_fundus_images/1100_OI_f_1.jpg,1
consolidated_eye_fundus_images/1102_OD_f_1.jpg,1
consolidated_eye_fundus_images/1103_OI_f_1.jpg,1
consolidated_eye_fundus_images/1104_OD_f_1.jpg,1
consolidated_eye_fundus_images/0110_OD_f_1.jpg,1
consolidated_eye_fundus_images/1110_OI_f_1.jpg,1
consolidated_eye_fundus_images/1112_OD_f_1.jpg,1
consolidated_eye_fundus_images/1114_OD_f_1.jpg,1
consolidated_eye_fundus_images/1115_OI_f_1.jpg,1
consolidated_eye_fundus_images/1116_OD_f_1.jpg,1
consolidated_eye_fundus_images/1117_OD_f_1.jpg,1
consolidated_eye_fundus_images/1118_OI_f_1.jpg,1
consolidated_eye_fundus_images/0111_OI_f_1.jpg,1
consolidated_eye_fundus_images/1120_OD_f_1.jpg,1
consolidated_eye_fundus_images/1121_OI_f_1.jpg,1
consolidated_eye_fundus_images/1122_OD_f_1.jpg,1
consolidated_eye_fundus_images/1123_OD_f_1.jpg,1
consolidated_eye_fundus_images/1124_OI_f_1.jpg,1
consolidated_eye_fundus_images/1125_OD_f_1.jpg,1
consolidated_eye_fundus_images/1126_OI_f_1.jpg,1
consolidated_eye_fundus_images/1129_OD_f_1.jpg,1
consolidated_eye_fundus_images/0112_OD_f_1.jpg,1
consolidated_eye_fundus_images/1130_OI_f_1.jpg,1
consolidated_eye_fundus_images/1131_OD_f_1.jpg,1
consolidated_eye_fundus_images/1132_OI_f_1.jpg,1
consolidated_eye_fundus_images/1133_OD_f_1.jpg,1
consolidated_eye_fundus_images/1134_OI_f_1.jpg,1
consolidated_eye_fundus_images/1135_OD_f_1.jpg,1
consolidated_eye_fundus_images/1136_OI_f_1.jpg,1
consolidated_eye_fundus_images/1137_OD_f_1.jpg,1
consolidated_eye_fundus_images/0113_OI_f_1.jpg,1
consolidated_eye_fundus_images/0114_OD_f_1.jpg,1
consolidated_eye_fundus_images/0115_OI_f_1.jpg,1
consolidated_eye_fundus_images/1166_OD_f_1.jpg,1
consolidated_eye_fundus_images/1167_OD_f_1.jpg,1
consolidated_eye_fundus_images/1168_OI_f_1.jpg,1
consolidated_eye_fundus_images/1169_OI_f_1.jpg,1
consolidated_eye_fundus_images/0116_OD_f_1.jpg,1
consolidated_eye_fundus_images/1170_OD_f_1.jpg,1
consolidated_eye_fundus_images/1172_OI_f_1.jpg,1
consolidated_eye_fundus_images/1174_OI_f_1.jpg,1
consolidated_eye_fundus_images/1175_OD_f_1.jpg,1
consolidated_eye_fundus_images/1176_OD_f_1.jpg,1
consolidated_eye_fundus_images/1177_OI_f_1.jpg,1
consolidated_eye_fundus_images/1178_OD_f_1.jpg,1
consolidated_eye_fundus_images/1179_OI_f_1.jpg,1
consolidated_eye_fundus_images/0117_OI_f_1.jpg,1
consolidated_eye_fundus_images/1180_OD_f_1.jpg,1
consolidated_eye_fundus_images/1181_OD_f_1.jpg,1
consolidated_eye_fundus_images/1182_OI_f_1.jpg,1
consolidated_eye_fundus_images/1183_OD_f_1.jpg,1
consolidated_eye_fundus_images/1184_OI_f_1.jpg,1
consolidated_eye_fundus_images/1185_OD_f_1.jpg,1
consolidated_eye_fundus_images/1187_OD_f_1.jpg,1
consolidated_eye_fundus_images/1188_OI_f_1.jpg,1
consolidated_eye_fundus_images/0118_OD_f_1.jpg,1
consolidated_eye_fundus_images/1190_OD_f_1.jpg,1
consolidated_eye_fundus_images/1191_OI_f_1.jpg,1
consolidated_eye_fundus_images/1192_OD_f_1.jpg,1
consolidated_eye_fundus_images/1193_OI_f_1.jpg,1
consolidated_eye_fundus_images/1194_OD_f_1.jpg,1
consolidated_eye_fundus_images/1195_OI_f_1.jpg,1
consolidated_eye_fundus_images/1196_OD_f_1.jpg,1
consolidated_eye_fundus_images/1198_OD_f_1.jpg,1
consolidated_eye_fundus_images/1199_OD_f_1.jpg,1
consolidated_eye_fundus_images/0119_OI_f_1.jpg,1
consolidated_eye_fundus_images/0011_OD_f_1.jpg,1
consolidated_eye_fundus_images/1200_OI_f_1.jpg,1
consolidated_eye_fundus_images/1201_OD_f_1.jpg,1
consolidated_eye_fundus_images/1202_OD_f_1.jpg,1
consolidated_eye_fundus_images/1203_OI_f_1.jpg,1
consolidated_eye_fundus_images/1209_OD_f_1.jpg,1
consolidated_eye_fundus_images/0120_OD_f_1.jpg,1
consolidated_eye_fundus_images/1210_OI_f_1.jpg,1
consolidated_eye_fundus_images/1211_OD_f_1.jpg,1
consolidated_eye_fundus_images/1212_OD_f_1.jpg,1
consolidated_eye_fundus_images/1214_OI_f_1.jpg,1
consolidated_eye_fundus_images/1216_OD_f_1.jpg,1
consolidated_eye_fundus_images/1218_OI_f_1.jpg,1
consolidated_eye_fundus_images/1219_OD_f_1.jpg,1
consolidated_eye_fundus_images/0121_OI_f_1.jpg,1
consolidated_eye_fundus_images/1220_OI_f_1.jpg,1
consolidated_eye_fundus_images/1221_OD_f_1.jpg,0
consolidated_eye_fundus_images/1221_OD_f_2.jpg,0
consolidated_eye_fundus_images/1221_OI_f_3.jpg,0
consolidated_eye_fundus_images/1221_OI_f_4.jpg,0
consolidated_eye_fundus_images/1222_OD_f_1.jpg,0
consolidated_eye_fundus_images/1222_OD_f_2.jpg,0
consolidated_eye_fundus_images/1222_OI_f_3.jpg,0
consolidated_eye_fundus_images/1222_OI_f_4.jpg,0
consolidated_eye_fundus_images/1223_OD_f_1.jpg,0
consolidated_eye_fundus_images/1223_OD_f_2.jpg,0
consolidated_eye_fundus_images/1223_OI_f_3.jpg,0
consolidated_eye_fundus_images/1223_OI_f_4.jpg,0
consolidated_eye_fundus_images/1224_OD_f_1.jpg,0
consolidated_eye_fundus_images/1224_OD_f_2.jpg,0
consolidated_eye_fundus_images/1224_OI_f_3.jpg,0
consolidated_eye_fundus_images/1224_OI_f_4.jpg,0
consolidated_eye_fundus_images/1225_OI_f_1.jpg,0
consolidated_eye_fundus_images/1225_OI_f_2.jpg,0
consolidated_eye_fundus_images/1226_OD_f_1.jpg,0
consolidated_eye_fundus_images/1226_OD_f_2.jpg,0
consolidated_eye_fundus_images/1226_OI_f_3.jpg,0
consolidated_eye_fundus_images/1226_OI_f_4.jpg,0
consolidated_eye_fundus_images/1227_OD_f_1.jpg,0
consolidated_eye_fundus_images/1227_OD_f_2.jpg,0
consolidated_eye_fundus_images/1227_OI_f_3.jpg,0
consolidated_eye_fundus_images/1227_OI_f_4.jpg,0
consolidated_eye_fundus_images/1228_OD_f_3.jpg,0
consolidated_eye_fundus_images/1228_OD_f_4.jpg,0
consolidated_eye_fundus_images/1228_OI_f_1.jpg,0
consolidated_eye_fundus_images/1228_OI_f_2.jpg,0
consolidated_eye_fundus_images/1229_OD_f_1.jpg,0
consolidated_eye_fundus_images/1229_OD_f_2.jpg,0
consolidated_eye_fundus_images/1229_OI_f_3.jpg,0
consolidated_eye_fundus_images/1229_OI_f_4.jpg,0
consolidated_eye_fundus_images/0122_OD_f_1.jpg,1
consolidated_eye_fundus_images/1230_OD_f_1.jpg,0
consolidated_eye_fundus_images/1230_OD_f_2.jpg,0
consolidated_eye_fundus_images/1230_OI_f_3.jpg,0
consolidated_eye_fundus_images/1230_OI_f_4.jpg,0
consolidated_eye_fundus_images/1231_OD_f_1.jpg,0
consolidated_eye_fundus_images/1231_OD_f_2.jpg,0
consolidated_eye_fundus_images/1231_OI_f_3.jpg,0
consolidated_eye_fundus_images/1231_OI_f_4.jpg,0
consolidated_eye_fundus_images/1232_OD_f_1.jpg,0
consolidated_eye_fundus_images/1232_OD_f_2.jpg,0
consolidated_eye_fundus_images/1232_OI_f_3.jpg,0
consolidated_eye_fundus_images/1232_OI_f_4.jpg,0
consolidated_eye_fundus_images/1233_OD_f_1.jpg,0
consolidated_eye_fundus_images/1233_OD_f_2.jpg,0
consolidated_eye_fundus_images/1233_OI_f_3.jpg,0
consolidated_eye_fundus_images/1233_OI_f_4.jpg,0
consolidated_eye_fundus_images/1234_OD_f_1.jpg,0
consolidated_eye_fundus_images/1234_OD_f_2.jpg,0
consolidated_eye_fundus_images/1234_OI_f_3.jpg,0
consolidated_eye_fundus_images/1234_OI_f_4.jpg,0
consolidated_eye_fundus_images/1235_OD_f_2.jpg,0
consolidated_eye_fundus_images/1235_OI_f_1.jpg,0
consolidated_eye_fundus_images/1236_OD_f_2.jpg,0
consolidated_eye_fundus_images/1236_OD_f_3.jpg,0
consolidated_eye_fundus_images/1236_OI_f_1.jpg,0
consolidated_eye_fundus_images/1236_OI_f_4.jpg,0
consolidated_eye_fundus_images/1237_OD_f_1.jpg,0
consolidated_eye_fundus_images/1237_OD_f_2.jpg,0
consolidated_eye_fundus_images/1238_OD_f_1.jpg,0
consolidated_eye_fundus_images/1238_OD_f_2.jpg,0
consolidated_eye_fundus_images/1238_OI_f_3.jpg,0
consolidated_eye_fundus_images/1238_OI_f_4.jpg,0
consolidated_eye_fundus_images/1239_OD_f_1.jpg,0
consolidated_eye_fundus_images/1239_OD_f_2.jpg,0
consolidated_eye_fundus_images/1239_OI_f_3.jpg,0
consolidated_eye_fundus_images/1239_OI_f_4.jpg,0
consolidated_eye_fundus_images/0123_OI_f_1.jpg,1
consolidated_eye_fundus_images/1240_OD_f_1.jpg,0
consolidated_eye_fundus_images/1240_OD_f_2.jpg,0
consolidated_eye_fundus_images/1240_OI_f_3.jpg,0
consolidated_eye_fundus_images/1240_OI_f_4.jpg,0
consolidated_eye_fundus_images/1241_OD_f_3.jpg,0
consolidated_eye_fundus_images/1241_OD_f_4.jpg,0
consolidated_eye_fundus_images/1241_OI_f_1.jpg,0
consolidated_eye_fundus_images/1241_OI_f_2.jpg,0
consolidated_eye_fundus_images/1242_OD_f_1.jpg,0
consolidated_eye_fundus_images/1242_OI_f_2.jpg,0
consolidated_eye_fundus_images/1243_OD_f_1.jpg,0
consolidated_eye_fundus_images/1243_OD_f_2.jpg,0
consolidated_eye_fundus_images/1243_OI_f_3.jpg,0
consolidated_eye_fundus_images/1243_OI_f_4.jpg,0
consolidated_eye_fundus_images/1244_OD_f_1.jpg,0
consolidated_eye_fundus_images/1244_OD_f_4.jpg,0
consolidated_eye_fundus_images/1244_OI_f_2.jpg,0
consolidated_eye_fundus_images/1244_OI_f_3.jpg,0
consolidated_eye_fundus_images/1245_OD_f_1.jpg,0
consolidated_eye_fundus_images/1245_OD_f_2.jpg,0
consolidated_eye_fundus_images/1245_OI_f_3.jpg,0
consolidated_eye_fundus_images/1245_OI_f_4.jpg,0
consolidated_eye_fundus_images/1246_OD_f_1.jpg,0
consolidated_eye_fundus_images/1246_OD_f_2.jpg,0
consolidated_eye_fundus_images/1246_OI_f_3.jpg,0
consolidated_eye_fundus_images/1246_OI_f_4.jpg,0
consolidated_eye_fundus_images/1247_OD_f_1.jpg,0
consolidated_eye_fundus_images/1247_OD_f_2.jpg,0
consolidated_eye_fundus_images/1247_OI_f_3.jpg,0
consolidated_eye_fundus_images/1247_OI_f_4.jpg,0
consolidated_eye_fundus_images/1248_OD_f_2.jpg,0
consolidated_eye_fundus_images/1248_OI_f_1.jpg,0
consolidated_eye_fundus_images/1249_OD_f_2.jpg,0
consolidated_eye_fundus_images/1249_OD_f_3.jpg,0
consolidated_eye_fundus_images/1249_OI_f_1.jpg,0
consolidated_eye_fundus_images/1249_OI_f_4.jpg,0
consolidated_eye_fundus_images/0124_OD_f_1.jpg,1
consolidated_eye_fundus_images/1250_OD_f_1.jpg,0
consolidated_eye_fundus_images/1250_OD_f_2.jpg,0
consolidated_eye_fundus_images/1250_OI_f_3.jpg,0
consolidated_eye_fundus_images/1250_OI_f_4.jpg,0
consolidated_eye_fundus_images/1251_OD_f_3.jpg,0
consolidated_eye_fundus_images/1251_OD_f_4.jpg,0
consolidated_eye_fundus_images/1251_OI_f_1.jpg,0
consolidated_eye_fundus_images/1251_OI_f_2.jpg,0
consolidated_eye_fundus_images/1252_OD_f_2.jpg,0
consolidated_eye_fundus_images/1252_OD_f_3.jpg,0
consolidated_eye_fundus_images/1252_OI_f_1.jpg,0
consolidated_eye_fundus_images/1252_OI_f_4.jpg,0
consolidated_eye_fundus_images/1253_OD_f_1.jpg,0
consolidated_eye_fundus_images/1253_OD_f_2.jpg,0
consolidated_eye_fundus_images/1253_OI_f_3.jpg,0
consolidated_eye_fundus_images/1253_OI_f_4.jpg,0
consolidated_eye_fundus_images/1254_OD_f_1.jpg,0
consolidated_eye_fundus_images/1254_OI_f_2.jpg,0
consolidated_eye_fundus_images/1255_OD_f_1.jpg,0
consolidated_eye_fundus_images/1255_OD_f_2.jpg,0
consolidated_eye_fundus_images/1255_OI_f_3.jpg,0
consolidated_eye_fundus_images/1255_OI_f_4.jpg,0
consolidated_eye_fundus_images/1256_OD_f_1.jpg,0
consolidated_eye_fundus_images/1256_OD_f_2.jpg,0
consolidated_eye_fundus_images/1256_OI_f_3.jpg,0
consolidated_eye_fundus_images/1256_OI_f_4.jpg,0
consolidated_eye_fundus_images/1257_OD_f_2.jpg,0
consolidated_eye_fundus_images/1257_OI_f_1.jpg,0
consolidated_eye_fundus_images/1258_OD_f_1.jpg,0
consolidated_eye_fundus_images/1258_OI_f_2.jpg,0
consolidated_eye_fundus_images/1259_OD_f_2.jpg,0
consolidated_eye_fundus_images/1259_OI_f_1.jpg,0
consolidated_eye_fundus_images/0125_OI_f_1.jpg,1
consolidated_eye_fundus_images/1260_OD_f_3.jpg,0
consolidated_eye_fundus_images/1260_OD_f_4.jpg,0
consolidated_eye_fundus_images/1260_OI_f_1.jpg,0
consolidated_eye_fundus_images/1260_OI_f_2.jpg,0
consolidated_eye_fundus_images/1261_OD_f_2.jpg,0
consolidated_eye_fundus_images/1261_OI_f_1.jpg,0
consolidated_eye_fundus_images/1262_OD_f_2.jpg,0
consolidated_eye_fundus_images/1262_OI_f_1.jpg,0
consolidated_eye_fundus_images/1263_OD_f_3.jpg,0
consolidated_eye_fundus_images/1263_OD_f_4.jpg,0
consolidated_eye_fundus_images/1263_OI_f_1.jpg,0
consolidated_eye_fundus_images/1263_OI_f_2.jpg,0
consolidated_eye_fundus_images/1264_OD_o_2.jpg,0
consolidated_eye_fundus_images/1264_OI_f_1.jpg,0
consolidated_eye_fundus_images/1265_OD_f_2.jpg,0
consolidated_eye_fundus_images/1265_OI_f_1.jpg,0
consolidated_eye_fundus_images/1266_OD_f_2.jpg,0
consolidated_eye_fundus_images/1266_OI_f_1.jpg,0
consolidated_eye_fundus_images/1267_OD_f_2.jpg,0
consolidated_eye_fundus_images/1267_OI_f_1.jpg,0
consolidated_eye_fundus_images/1268_OD_f_2.jpg,0
consolidated_eye_fundus_images/1268_OI_f_1.jpg,0
consolidated_eye_fundus_images/1269_OD_f_1.jpg,0
consolidated_eye_fundus_images/1269_OI_f_2.jpg,0
consolidated_eye_fundus_images/0126_OD_f_1.jpg,1
consolidated_eye_fundus_images/1270_OD_f_2.jpg,0
consolidated_eye_fundus_images/1270_OI_f_1.jpg,0
consolidated_eye_fundus_images/1271_OD_f_2.jpg,0
consolidated_eye_fundus_images/1271_OI_f_1.jpg,0
consolidated_eye_fundus_images/1272_OD_f_2.jpg,0
consolidated_eye_fundus_images/1272_OI_f_1.jpg,0
consolidated_eye_fundus_images/1272_OI_f_2.jpg,0
consolidated_eye_fundus_images/1273_OD_f_2.jpg,0
consolidated_eye_fundus_images/1273_OI_f_1.jpg,0
consolidated_eye_fundus_images/1274_OD_f_1.jpg,0
consolidated_eye_fundus_images/1274_OI_f_2.jpg,0
consolidated_eye_fundus_images/1275_OD_f_3.jpg,0
consolidated_eye_fundus_images/1275_OI_f_1.jpg,0
consolidated_eye_fundus_images/1275_OI_f_2.jpg,0
consolidated_eye_fundus_images/1276_OD_f_2.jpg,0
consolidated_eye_fundus_images/1276_OI_f_1.jpg,0
consolidated_eye_fundus_images/1277_OD_f_2.jpg,0
consolidated_eye_fundus_images/1277_OI_f_1.jpg,0
consolidated_eye_fundus_images/1278_OD_f_2.jpg,0
consolidated_eye_fundus_images/1278_OI_f_1.jpg,0
consolidated_eye_fundus_images/1279_OD_f_2.jpg,0
consolidated_eye_fundus_images/1279_OI_f_1.jpg,0
consolidated_eye_fundus_images/0127_OI_f_1.jpg,1
consolidated_eye_fundus_images/1280_OD_f_2.jpg,0
consolidated_eye_fundus_images/1280_OI_f_1.jpg,0
consolidated_eye_fundus_images/1281_OD_f_2.jpg,0
consolidated_eye_fundus_images/1281_OI_f_1.jpg,0
consolidated_eye_fundus_images/1282_OD_f_1.jpg,0
consolidated_eye_fundus_images/1282_OI_f_2.jpg,0
consolidated_eye_fundus_images/1283_OD_f_2.jpg,0
consolidated_eye_fundus_images/1283_OI_f_1.jpg,0
consolidated_eye_fundus_images/1284_OD_f_2.jpg,0
consolidated_eye_fundus_images/1284_OI_f_1.jpg,0
consolidated_eye_fundus_images/1285_OD_f_2.jpg,0
consolidated_eye_fundus_images/1285_OI_f_1.jpg,0
consolidated_eye_fundus_images/1286_OD_f_1.jpg,0
consolidated_eye_fundus_images/1286_OI_f_2.jpg,0
consolidated_eye_fundus_images/1287_OD_f_2.jpg,0
consolidated_eye_fundus_images/1287_OI_f_1.jpg,0
consolidated_eye_fundus_images/1288_OD_f_2.jpg,0
consolidated_eye_fundus_images/1288_OI_f_1.jpg,0
consolidated_eye_fundus_images/1289_OD_f_1.jpg,0
consolidated_eye_fundus_images/1289_OI_f_2.jpg,0
consolidated_eye_fundus_images/0128_OD_f_1.jpg,1
consolidated_eye_fundus_images/1290_OD_f_1.jpg,0
consolidated_eye_fundus_images/1290_OD_f_2.jpg,0
consolidated_eye_fundus_images/1290_OI_f_3.jpg,0
consolidated_eye_fundus_images/1290_OI_f_4.jpg,0
consolidated_eye_fundus_images/1291_OD_f_2.jpg,0
consolidated_eye_fundus_images/1291_OI_f_1.jpg,0
consolidated_eye_fundus_images/1292_OD_f_1.jpg,0
consolidated_eye_fundus_images/1292_OI_f_2.jpg,0
consolidated_eye_fundus_images/1293_OD_f_2.jpg,0
consolidated_eye_fundus_images/1293_OI_f_1.jpg,0
consolidated_eye_fundus_images/1294_OD_f_2.jpg,0
consolidated_eye_fundus_images/1294_OI_f_1.jpg,0
consolidated_eye_fundus_images/1295_OD_f_2.jpg,0
consolidated_eye_fundus_images/1295_OI_f_1.jpg,0
consolidated_eye_fundus_images/1296_OD_f_2.jpg,0
consolidated_eye_fundus_images/1296_OI_f_1.jpg,0
consolidated_eye_fundus_images/1297_OD_f_1.jpg,0
consolidated_eye_fundus_images/1297_OI_f_3.jpg,0
consolidated_eye_fundus_images/1298_OD_f_2.jpg,0
consolidated_eye_fundus_images/1298_OI_f_1.jpg,0
consolidated_eye_fundus_images/1299_OD_f_2.jpg,0
consolidated_eye_fundus_images/1299_OI_f_1.jpg,0
consolidated_eye_fundus_images/0129_OI_f_1.jpg,1
consolidated_eye_fundus_images/0012_OI_f_1.jpg,1
consolidated_eye_fundus_images/1300_OD_f_2.jpg,0
consolidated_eye_fundus_images/1300_OI_f_1.jpg,0
consolidated_eye_fundus_images/1300_OI_f_3.jpg,0
consolidated_eye_fundus_images/1302_OD_f_1.jpg,0
consolidated_eye_fundus_images/1302_OD_f_2.jpg,0
consolidated_eye_fundus_images/1302_OI_f_3.jpg,0
consolidated_eye_fundus_images/1302_OI_f_4.jpg,0
consolidated_eye_fundus_images/1303_OD_f_3.jpg,0
consolidated_eye_fundus_images/1303_OD_f_4.jpg,0
consolidated_eye_fundus_images/1303_OI_f_1.jpg,0
consolidated_eye_fundus_images/1303_OI_f_2.jpg,0
consolidated_eye_fundus_images/1304_OI_f_1.jpg,0
consolidated_eye_fundus_images/1304_OI_f_2.jpg,0
consolidated_eye_fundus_images/1305_OD_f_1.jpg,0
consolidated_eye_fundus_images/1305_OD_f_2.jpg,0
consolidated_eye_fundus_images/1305_OI_f_3.jpg,0
consolidated_eye_fundus_images/1305_OI_f_4.jpg,0
consolidated_eye_fundus_images/1306_OD_f_2.jpg,0
consolidated_eye_fundus_images/1306_OI_f_1.jpg,0
consolidated_eye_fundus_images/1307_OD_f_2.jpg,0
consolidated_eye_fundus_images/1307_OI_f_1.jpg,0
consolidated_eye_fundus_images/1308_OD_f_2.jpg,0
consolidated_eye_fundus_images/1308_OI_f_1.jpg,0
consolidated_eye_fundus_images/1308_OI_f_3.jpg,0
consolidated_eye_fundus_images/1309_OI_f_1.jpg,0
consolidated_eye_fundus_images/1309_OI_f_2.jpg,0
consolidated_eye_fundus_images/0130_OD_f_1.jpg,1
consolidated_eye_fundus_images/1310_OD_f_2.jpg,0
consolidated_eye_fundus_images/1310_OI_f_1.jpg,0
consolidated_eye_fundus_images/1311_OD_f_1.jpg,0
consolidated_eye_fundus_images/1311_OD_f_2.jpg,0
consolidated_eye_fundus_images/1311_OI_f_3.jpg,0
consolidated_eye_fundus_images/1311_OI_f_4.jpg,0
consolidated_eye_fundus_images/1312_OD_f_1.jpg,0
consolidated_eye_fundus_images/1312_OD_f_2.jpg,0
consolidated_eye_fundus_images/1312_OI_f_3.jpg,0
consolidated_eye_fundus_images/1312_OI_f_4.jpg,0
consolidated_eye_fundus_images/1313_OD_f_1.jpg,0
consolidated_eye_fundus_images/1313_OD_f_2.jpg,0
consolidated_eye_fundus_images/1313_OI_f_3.jpg,0
consolidated_eye_fundus_images/1313_OI_f_4.jpg,0
consolidated_eye_fundus_images/1314_OD_f_1.jpg,0
consolidated_eye_fundus_images/1314_OD_f_2.jpg,0
consolidated_eye_fundus_images/1314_OI_f_3.jpg,0
consolidated_eye_fundus_images/1314_OI_f_4.jpg,0
consolidated_eye_fundus_images/1315_OD_f_1.jpg,0
consolidated_eye_fundus_images/1315_OD_f_2.jpg,0
consolidated_eye_fundus_images/1315_OI_f_3.jpg,0
consolidated_eye_fundus_images/1315_OI_f_4.jpg,0
consolidated_eye_fundus_images/1316_OD_f_1.jpg,0
consolidated_eye_fundus_images/1316_OD_f_2.jpg,0
consolidated_eye_fundus_images/1316_OI_f_3.jpg,0
consolidated_eye_fundus_images/1316_OI_f_4.jpg,0
consolidated_eye_fundus_images/1317_OD_f_1.jpg,0
consolidated_eye_fundus_images/1317_OD_f_2.jpg,0
consolidated_eye_fundus_images/1317_OI_f_3.jpg,0
consolidated_eye_fundus_images/1317_OI_f_4.jpg,0
consolidated_eye_fundus_images/1318_OD_f_1.jpg,0
consolidated_eye_fundus_images/1318_OD_f_2.jpg,0
consolidated_eye_fundus_images/1318_OI_f_3.jpg,0
consolidated_eye_fundus_images/1318_OI_f_4.jpg,0
consolidated_eye_fundus_images/1319_OD_f_1.jpg,0
consolidated_eye_fundus_images/1319_OD_f_2.jpg,0
consolidated_eye_fundus_images/1319_OI_f_3.jpg,0
consolidated_eye_fundus_images/1319_OI_f_4.jpg,0
consolidated_eye_fundus_images/0131_OI_f_1.jpg,1
consolidated_eye_fundus_images/1320_OD_f_3.jpg,0
consolidated_eye_fundus_images/1320_OD_f_4.jpg,0
consolidated_eye_fundus_images/1320_OI_f_1.jpg,0
consolidated_eye_fundus_images/1320_OI_f_2.jpg,0
consolidated_eye_fundus_images/1321_OD_f_1.jpg,0
consolidated_eye_fundus_images/1321_OD_f_2.jpg,0
consolidated_eye_fundus_images/1321_OI_f_3.jpg,0
consolidated_eye_fundus_images/1321_OI_f_4.jpg,0
consolidated_eye_fundus_images/1322_OD_f_2.jpg,0
consolidated_eye_fundus_images/1322_OI_f_1.jpg,0
consolidated_eye_fundus_images/1323_OD_f_2.jpg,0
consolidated_eye_fundus_images/1323_OI_f_1.jpg,0
consolidated_eye_fundus_images/1324_OD_f_2.jpg,0
consolidated_eye_fundus_images/1324_OI_f_1.jpg,0
consolidated_eye_fundus_images/1325_OD_f_3.jpg,0
consolidated_eye_fundus_images/1325_OD_f_4.jpg,0
consolidated_eye_fundus_images/1325_OI_f_1.jpg,0
consolidated_eye_fundus_images/1325_OI_f_2.jpg,0
consolidated_eye_fundus_images/1326_OD_f_2.jpg,0
consolidated_eye_fundus_images/1326_OI_f_1.jpg,0
consolidated_eye_fundus_images/1327_OD_f_2.jpg,0
consolidated_eye_fundus_images/1327_OI_f_1.jpg,0
consolidated_eye_fundus_images/1328_OD_f_2.jpg,0
consolidated_eye_fundus_images/1328_OI_f_1.jpg,0
consolidated_eye_fundus_images/1329_OD_f_2.jpg,0
consolidated_eye_fundus_images/1329_OI_f_1.jpg,0
consolidated_eye_fundus_images/1330_OD_f_2.jpg,0
consolidated_eye_fundus_images/1330_OI_f_1.jpg,0
consolidated_eye_fundus_images/1331_OD_f_2.jpg,0
consolidated_eye_fundus_images/1331_OI_f_1.jpg,0
consolidated_eye_fundus_images/1332_OD_f_2.jpg,0
consolidated_eye_fundus_images/1332_OI_f_1.jpg,0
consolidated_eye_fundus_images/1333_OD_f_1.jpg,0
consolidated_eye_fundus_images/1333_OI_f_2.jpg,0
consolidated_eye_fundus_images/1334_OD_f_2.jpg,0
consolidated_eye_fundus_images/1334_OI_f_1.jpg,0
consolidated_eye_fundus_images/1335_OD_f_1.jpg,0
consolidated_eye_fundus_images/1335_OD_f_2.jpg,0
consolidated_eye_fundus_images/1335_OI_f_3.jpg,0
consolidated_eye_fundus_images/1335_OI_f_4.jpg,0
consolidated_eye_fundus_images/1336_OD_f_1.jpg,0
consolidated_eye_fundus_images/1336_OI_f_2.jpg,0
consolidated_eye_fundus_images/1337_OD_f_2.jpg,0
consolidated_eye_fundus_images/1337_OI_f_1.jpg,0
consolidated_eye_fundus_images/1338_OD_f_1.jpg,0
consolidated_eye_fundus_images/1338_OI_f_2.jpg,0
consolidated_eye_fundus_images/1339_OD_f_1.jpg,0
consolidated_eye_fundus_images/1339_OD_f_2.jpg,0
consolidated_eye_fundus_images/0133_OI_f_1.jpg,1
consolidated_eye_fundus_images/1340_OD_f_2.jpg,0
consolidated_eye_fundus_images/1340_OI_f_1.jpg,0
consolidated_eye_fundus_images/1341_OD_f_2.jpg,0
consolidated_eye_fundus_images/1341_OI_f_1.jpg,0
consolidated_eye_fundus_images/1342_OD_f_2.jpg,0
consolidated_eye_fundus_images/1342_OI_f_1.jpg,0
consolidated_eye_fundus_images/1343_OD_f_2.jpg,0
consolidated_eye_fundus_images/1343_OI_f_1.jpg,0
consolidated_eye_fundus_images/1344_OD_f_2.jpg,0
consolidated_eye_fundus_images/1344_OD_f_4.jpg,0
consolidated_eye_fundus_images/1344_OI_f_1.jpg,0
consolidated_eye_fundus_images/1344_OI_f_3.jpg,0
consolidated_eye_fundus_images/1345_OD_f_1.jpg,0
consolidated_eye_fundus_images/1345_OI_f_2.jpg,0
consolidated_eye_fundus_images/1348_OD_f_2.jpg,0
consolidated_eye_fundus_images/1348_OI_f_1.jpg,0
consolidated_eye_fundus_images/1349_OD_f_2.jpg,0
consolidated_eye_fundus_images/1349_OI_f_1.jpg,0
consolidated_eye_fundus_images/0134_OI_f_1.jpg,1
consolidated_eye_fundus_images/1350_OD_f_2.jpg,0
consolidated_eye_fundus_images/1350_OI_f_1.jpg,0
consolidated_eye_fundus_images/1351_OD_f_1.jpg,0
consolidated_eye_fundus_images/1351_OI_f_2.jpg,0
consolidated_eye_fundus_images/1352_OD_f_1.jpg,0
consolidated_eye_fundus_images/1352_OI_f_2.jpg,0
consolidated_eye_fundus_images/1353_OD_f_1.jpg,0
consolidated_eye_fundus_images/1353_OI_f_2.jpg,0
consolidated_eye_fundus_images/1354_OD_f_1.jpg,0
consolidated_eye_fundus_images/1354_OI_f_2.jpg,0
consolidated_eye_fundus_images/1355_OD_f_1.jpg,0
consolidated_eye_fundus_images/1355_OI_f_2.jpg,0
consolidated_eye_fundus_images/1356_OD_f_1.jpg,0
consolidated_eye_fundus_images/1356_OI_f_2.jpg,0
consolidated_eye_fundus_images/0135_OD_f_1.jpg,1
consolidated_eye_fundus_images/0136_OI_f_1.jpg,1
consolidated_eye_fundus_images/0137_OD_f_1.jpg,1
consolidated_eye_fundus_images/0138_OD_f_1.jpg,1
consolidated_eye_fundus_images/0139_OI_f_1.jpg,1
consolidated_eye_fundus_images/0013_OD_f_1.jpg,1
consolidated_eye_fundus_images/0140_OD_f_1.jpg,1
consolidated_eye_fundus_images/0141_OI_f_1.jpg,1
consolidated_eye_fundus_images/0142_OD_f_1.jpg,1
consolidated_eye_fundus_images/0143_OI_f_1.jpg,1
consolidated_eye_fundus_images/0144_OD_f_1.jpg,1
consolidated_eye_fundus_images/0145_OI_f_1.jpg,1
consolidated_eye_fundus_images/0146_od_f_1.jpg,1
consolidated_eye_fundus_images/0147_OI_f_1.jpg,1
consolidated_eye_fundus_images/0148_OI_f_1.jpg,1
consolidated_eye_fundus_images/0149_OD_f_1.jpg,1
consolidated_eye_fundus_images/0014_OI_f_1.jpg,1
consolidated_eye_fundus_images/0150_OI_f_1.jpg,1
consolidated_eye_fundus_images/0151_OD_f_1.jpg,1
consolidated_eye_fundus_images/0152_OI_f_1.jpg,1
consolidated_eye_fundus_images/0153_OD_f_1.jpg,1
consolidated_eye_fundus_images/0154_OI_f_1.jpg,1
consolidated_eye_fundus_images/0155_OD_f_1.jpg,1
consolidated_eye_fundus_images/0156_OD_f_1.jpg,1
consolidated_eye_fundus_images/0157_OI_f_1.jpg,1
consolidated_eye_fundus_images/0158_OI_f_1.jpg,1
consolidated_eye_fundus_images/0159_OD_f_1.jpg,1
consolidated_eye_fundus_images/0015_OD_f_1.jpg,1
consolidated_eye_fundus_images/0160_OI_f_1.jpg,1
consolidated_eye_fundus_images/0161_OD_f_1.jpg,1
consolidated_eye_fundus_images/0162_OI_f_1.jpg,1
consolidated_eye_fundus_images/0163_OD_f_1.jpg,1
consolidated_eye_fundus_images/0164_OI_f_1.jpg,1
consolidated_eye_fundus_images/0165_OD_f_1.jpg,1
consolidated_eye_fundus_images/0166_OI_f_1.jpg,1
consolidated_eye_fundus_images/0167_OD_f_1.jpg,1
consolidated_eye_fundus_images/0168_OI_f_1.jpg,1
consolidated_eye_fundus_images/0169_OD_f_1.jpg,1
consolidated_eye_fundus_images/0016_OI_f_1.jpg,1
consolidated_eye_fundus_images/0170_OI_f_1.jpg,1
consolidated_eye_fundus_images/0171_OD_f_1.jpg,1
consolidated_eye_fundus_images/0171_OD_f_2.jpg,1
consolidated_eye_fundus_images/0172_OI_f_1.jpg,1
consolidated_eye_fundus_images/0173_OD_f_1.jpg,1
consolidated_eye_fundus_images/0174_OI_f_1.jpg,1
consolidated_eye_fundus_images/0175_OI_f_1.jpg,1
consolidated_eye_fundus_images/0176_OD_f_1.jpg,1
consolidated_eye_fundus_images/0177_OI_f_1.jpg,1
consolidated_eye_fundus_images/0178_OD_f_1.jpg,1
consolidated_eye_fundus_images/0179_OI_f_1.jpg,1
consolidated_eye_fundus_images/0017_OD_f_1.jpg,1
consolidated_eye_fundus_images/0181_OD_f_1.jpg,1
consolidated_eye_fundus_images/0182_OI_f_1.jpg,1
consolidated_eye_fundus_images/0183_OD_f_1.jpg,1
consolidated_eye_fundus_images/0184_OI_f_1.jpg,1
consolidated_eye_fundus_images/0185_OD_f_1.jpg,1
consolidated_eye_fundus_images/0186_OI_f_1.jpg,1
consolidated_eye_fundus_images/0188_OI_f_1.jpg,1
consolidated_eye_fundus_images/0189_OD_f_1.jpg,1
consolidated_eye_fundus_images/0018_OI_f_1.jpg,1
consolidated_eye_fundus_images/0190_OI_f_1.jpg,1
consolidated_eye_fundus_images/0191_OD_f_1.jpg,1
consolidated_eye_fundus_images/0192_OI_f_1.jpg,1
consolidated_eye_fundus_images/0193_OD_f_1.jpg,1
consolidated_eye_fundus_images/0194_OI_f_1.jpg,1
consolidated_eye_fundus_images/1957_OD_f_1.jpg,1
consolidated_eye_fundus_images/1957_OD_f_2.jpg,1
consolidated_eye_fundus_images/1958_OD_f_1.jpg,1
consolidated_eye_fundus_images/1958_OD_f_2.jpg,1
consolidated_eye_fundus_images/1958_OI_f_3.jpg,1
consolidated_eye_fundus_images/1958_OI_f_4.jpg,1
consolidated_eye_fundus_images/0195_OD_f_1.jpg,1
consolidated_eye_fundus_images/1964_OI_f_1.jpg,0
consolidated_eye_fundus_images/1965_OD_f_2.jpg,0
consolidated_eye_fundus_images/1965_OI_f_1.jpg,0
consolidated_eye_fundus_images/1966_OD_f_2.jpg,0
consolidated_eye_fundus_images/1966_OI_f_1.jpg,0
consolidated_eye_fundus_images/1967_OD_f_2.jpg,0
consolidated_eye_fundus_images/1967_OI_f_1.jpg,0
consolidated_eye_fundus_images/1968_OD_f_2.jpg,0
consolidated_eye_fundus_images/1968_OI_f_1.jpg,0
consolidated_eye_fundus_images/1969_OD_f_2.jpg,0
consolidated_eye_fundus_images/1969_OI_f_1.jpg,0
consolidated_eye_fundus_images/0196_OI_f_1.jpg,1
consolidated_eye_fundus_images/1970_OD_f_2.jpg,0
consolidated_eye_fundus_images/1970_OI_f_1.jpg,0
consolidated_eye_fundus_images/1971_OD_f_2.jpg,0
consolidated_eye_fundus_images/1971_OI_f_1.jpg,0
consolidated_eye_fundus_images/1972_OD_f_2.jpg,0
consolidated_eye_fundus_images/1972_OI_f_1.jpg,0
consolidated_eye_fundus_images/1973_OD_f_2.jpg,0
consolidated_eye_fundus_images/1973_OI_f_1.jpg,0
consolidated_eye_fundus_images/1974_OD_f_2.jpg,0
consolidated_eye_fundus_images/1974_OI_f_1.jpg,0
consolidated_eye_fundus_images/1975_OD_f_2.jpg,0
consolidated_eye_fundus_images/1975_OI_f_1.jpg,0
consolidated_eye_fundus_images/1976_OD_f_2.jpg,0
consolidated_eye_fundus_images/1976_OI_f_1.jpg,0
consolidated_eye_fundus_images/1977_OD_f_2.jpg,0
consolidated_eye_fundus_images/1977_OI_f_1.jpg,0
consolidated_eye_fundus_images/1978_OD_f_2.jpg,1
consolidated_eye_fundus_images/1978_OI_f_1.jpg,1
consolidated_eye_fundus_images/1979_OD_f_1.jpg,1
consolidated_eye_fundus_images/1979_OI_f_2.jpg,1
consolidated_eye_fundus_images/0197_OD_f_1.jpg,1
consolidated_eye_fundus_images/1980_OI_f_1.jpg,1
consolidated_eye_fundus_images/1982_OD_f_2.jpg,1
consolidated_eye_fundus_images/1982_OI_f_1.jpg,1
consolidated_eye_fundus_images/1983_OD_f_1.jpg,0
consolidated_eye_fundus_images/1983_OI_f_2.jpg,1
consolidated_eye_fundus_images/1984_OD_f_2.jpg,1
consolidated_eye_fundus_images/1984_OI_f_1.jpg,1
consolidated_eye_fundus_images/1985_OD_f_1.jpg,0
consolidated_eye_fundus_images/1985_OI_f_2.jpg,0
consolidated_eye_fundus_images/1986_OD_f_1.jpg,0
consolidated_eye_fundus_images/1986_OI_f_2.jpg,0
consolidated_eye_fundus_images/1987_OD_f_2.jpg,0
consolidated_eye_fundus_images/1988_OD_f_2.jpg,0
consolidated_eye_fundus_images/1988_OI_f_1.jpg,0
consolidated_eye_fundus_images/1989_OD_f_1.jpg,1
consolidated_eye_fundus_images/1989_OI_f_2.jpg,1
consolidated_eye_fundus_images/0198_OD_f_1.jpg,1
consolidated_eye_fundus_images/1990_OD_f_1.jpg,0
consolidated_eye_fundus_images/1990_OI_f_2.jpg,0
consolidated_eye_fundus_images/1991_OD_f_1.jpg,1
consolidated_eye_fundus_images/1991_OI_f_2.jpg,1
consolidated_eye_fundus_images/1992_OD_f_1.jpg,0
consolidated_eye_fundus_images/1992_OI_f_2.jpg,0
consolidated_eye_fundus_images/1993_OD_f_1.jpg,0
consolidated_eye_fundus_images/1993_OI_f_2.jpg,0
consolidated_eye_fundus_images/1994_OD_f_1.jpg,0
consolidated_eye_fundus_images/1994_OI_f_2.jpg,0
consolidated_eye_fundus_images/1995_OD_f_1.jpg,0
consolidated_eye_fundus_images/1995_OI_f_2.jpg,0
consolidated_eye_fundus_images/1996_OD_f_1.jpg,0
consolidated_eye_fundus_images/1996_OI_f_2.jpg,0
consolidated_eye_fundus_images/1997_OD_f_1.jpg,1
consolidated_eye_fundus_images/1998_OD_f_1.jpg,0
consolidated_eye_fundus_images/1998_OI_f_2.jpg,0
consolidated_eye_fundus_images/1999_OD_f_1.jpg,0
consolidated_eye_fundus_images/1999_OI_f_2.jpg,0
consolidated_eye_fundus_images/0199_OI_f_1.jpg,1
consolidated_eye_fundus_images/0019_OD_f_1.jpg,1
consolidated_eye_fundus_images/0001_OD_f_1.jpg,1
consolidated_eye_fundus_images/2000_OD_f_1.jpg,0
consolidated_eye_fundus_images/2000_OI_f_2.jpg,0
consolidated_eye_fundus_images/2001_OD_f_1.jpg,1
consolidated_eye_fundus_images/2001_OI_f_2.jpg,1
consolidated_eye_fundus_images/2002_OD_f_1.jpg,0
consolidated_eye_fundus_images/2003_OD_f_1.jpg,0
consolidated_eye_fundus_images/2003_OI_f_2.jpg,0
consolidated_eye_fundus_images/2004_OD_f_1.jpg,0
consolidated_eye_fundus_images/2004_OI_f_2.jpg,0
consolidated_eye_fundus_images/2005_OD_f_1.jpg,0
consolidated_eye_fundus_images/2005_OI_f_2.jpg,0
consolidated_eye_fundus_images/2006_OD_f_1.jpg,0
consolidated_eye_fundus_images/2006_OI_f_2.jpg,0
consolidated_eye_fundus_images/2007_OI_f_2.jpg,0
consolidated_eye_fundus_images/2008_OD_f_1.jpg,0
consolidated_eye_fundus_images/2008_OI_f_2.jpg,0
consolidated_eye_fundus_images/2009_OD_f_1.jpg,0
consolidated_eye_fundus_images/2009_OI_f_2.jpg,0
consolidated_eye_fundus_images/0200_OD_f_1.jpg,1
consolidated_eye_fundus_images/2010_OD_f_1.jpg,1
consolidated_eye_fundus_images/2010_OI_f_2.jpg,1
consolidated_eye_fundus_images/2011_OD_f_1.jpg,0
consolidated_eye_fundus_images/2011_OI_f_2.jpg,0
consolidated_eye_fundus_images/2012_OD_f_1.jpg,1
consolidated_eye_fundus_images/2013_OD_f_1.jpg,0
consolidated_eye_fundus_images/2013_OI_f_2.jpg,0
consolidated_eye_fundus_images/2014_OD_f_1.jpg,0
consolidated_eye_fundus_images/2014_OI_f_2.jpg,0
consolidated_eye_fundus_images/2015_OD_f_1.jpg,0
consolidated_eye_fundus_images/2015_OI_f_2.jpg,0
consolidated_eye_fundus_images/2016_OD_f_1.jpg,1
consolidated_eye_fundus_images/2016_OI_f_2.jpg,0
consolidated_eye_fundus_images/2017_OD_f_1.jpg,0
consolidated_eye_fundus_images/2018_OD_f_1.jpg,0
consolidated_eye_fundus_images/2018_OI_f_2.jpg,0
consolidated_eye_fundus_images/2019_OD_f_1.jpg,1
consolidated_eye_fundus_images/2019_OI_f_2.jpg,0
consolidated_eye_fundus_images/0201_OI_f_1.jpg,1
consolidated_eye_fundus_images/2020_OD_f_1.jpg,1
consolidated_eye_fundus_images/2021_OD_f_1.jpg,1
consolidated_eye_fundus_images/2021_OI_f_2.jpg,0
consolidated_eye_fundus_images/2022_OD_f_1.jpg,0
consolidated_eye_fundus_images/2022_OI_f_2.jpg,1
consolidated_eye_fundus_images/2023_OD_f_1.jpg,0
consolidated_eye_fundus_images/2023_OI_f_2.jpg,0
consolidated_eye_fundus_images/2024_OD_f_1.jpg,0
consolidated_eye_fundus_images/2024_OI_f_2.jpg,0
consolidated_eye_fundus_images/2025_OD_f_1.jpg,0
consolidated_eye_fundus_images/2025_OI_f_2.jpg,1
consolidated_eye_fundus_images/2026_OD_f_1.jpg,0
consolidated_eye_fundus_images/2026_OI_f_2.jpg,0
consolidated_eye_fundus_images/2027_OD_f_1.jpg,0
consolidated_eye_fundus_images/2027_OI_f_2.jpg,0
consolidated_eye_fundus_images/2028_OI_f_2.jpg,1
consolidated_eye_fundus_images/2029_OD_f_1.jpg,1
consolidated_eye_fundus_images/2029_OI_f_2.jpg,0
consolidated_eye_fundus_images/0202_OD_f_1.jpg,1
consolidated_eye_fundus_images/2030_OD_f_1.jpg,0
consolidated_eye_fundus_images/2031_OD_f_1.jpg,1
consolidated_eye_fundus_images/2031_OI_f_2.jpg,1
consolidated_eye_fundus_images/2032_OD_f_1.jpg,0
consolidated_eye_fundus_images/2032_OI_f_2.jpg,0
consolidated_eye_fundus_images/2033_OD_f_1.jpg,1
consolidated_eye_fundus_images/2033_OI_f_2.jpg,1
consolidated_eye_fundus_images/2034_OD_f_1.jpg,0
consolidated_eye_fundus_images/2035_OD_f_1.jpg,0
consolidated_eye_fundus_images/2035_OI_f_2.jpg,0
consolidated_eye_fundus_images/2036_OD_f_1.jpg,0
consolidated_eye_fundus_images/2036_OI_f_2.jpg,0
consolidated_eye_fundus_images/2037_OD_f_1.jpg,1
consolidated_eye_fundus_images/2037_OI_f_2.jpg,0
consolidated_eye_fundus_images/2038_OD_f_1.jpg,0
consolidated_eye_fundus_images/2038_OI_f_2.jpg,0
consolidated_eye_fundus_images/2039_OD_f_1.jpg,0
consolidated_eye_fundus_images/2039_OI_f_2.jpg,0
consolidated_eye_fundus_images/0203_OI_f_1.jpg,1
consolidated_eye_fundus_images/2040_OD_f_1.jpg,1
consolidated_eye_fundus_images/2040_OI_f_2.jpg,1
consolidated_eye_fundus_images/2041_OD_f_1.jpg,0
consolidated_eye_fundus_images/2041_OI_f_2.jpg,0
consolidated_eye_fundus_images/2042_OD_f_1.jpg,1
consolidated_eye_fundus_images/2042_OI_f_2.jpg,0
consolidated_eye_fundus_images/2043_OD_f_1.jpg,0
consolidated_eye_fundus_images/2043_OI_f_2.jpg,0
consolidated_eye_fundus_images/2044_OD_f_1.jpg,0
consolidated_eye_fundus_images/2044_OI_f_2.jpg,0
consolidated_eye_fundus_images/2045_OD_f_2.jpg,1
consolidated_eye_fundus_images/2045_OI_f_1.jpg,1
consolidated_eye_fundus_images/2046_OD_f_2.jpg,1
consolidated_eye_fundus_images/2046_OI_f_1.jpg,1
consolidated_eye_fundus_images/2047_OD_f_2.jpg,0
consolidated_eye_fundus_images/2047_OI_f_1.jpg,0
consolidated_eye_fundus_images/2048_OD_f_2.jpg,0
consolidated_eye_fundus_images/2048_OI_f_1.jpg,0
consolidated_eye_fundus_images/2049_OD_f_2.jpg,1
consolidated_eye_fundus_images/2049_OI_f_1.jpg,1
consolidated_eye_fundus_images/0204_OD_f_1.jpg,1
consolidated_eye_fundus_images/2050_OD_f_2.jpg,0
consolidated_eye_fundus_images/2050_OI_f_1.jpg,0
consolidated_eye_fundus_images/2051_OD_f_2.jpg,0
consolidated_eye_fundus_images/2051_OI_f_1.jpg,0
consolidated_eye_fundus_images/2052_OD_f_2.jpg,1
consolidated_eye_fundus_images/2052_OI_f_1.jpg,1
consolidated_eye_fundus_images/2053_OD_f_2.jpg,1
consolidated_eye_fundus_images/2053_OI_f_1.jpg,1
consolidated_eye_fundus_images/2054_OD_f_2.jpg,1
consolidated_eye_fundus_images/2054_OI_f_1.jpg,1
consolidated_eye_fundus_images/2055_OD_f_2.jpg,0
consolidated_eye_fundus_images/2055_OI_f_1.jpg,0
consolidated_eye_fundus_images/2056_OD_f_2.jpg,0
consolidated_eye_fundus_images/2056_OI_f_1.jpg,0
consolidated_eye_fundus_images/0205_OI_f_1.jpg,1
consolidated_eye_fundus_images/0206_OD_f_1.jpg,1
consolidated_eye_fundus_images/0207_OI_f_1.jpg,1
consolidated_eye_fundus_images/0208_OD_f_1.jpg,1
consolidated_eye_fundus_images/0209_OI_f_1.jpg,1
consolidated_eye_fundus_images/0020_OI_f_1.jpg,1
consolidated_eye_fundus_images/0210_OI_f_1.jpg,1
consolidated_eye_fundus_images/0211_OD_f_1.jpg,1
consolidated_eye_fundus_images/0212_OI_f_1.jpg,1
consolidated_eye_fundus_images/0213_OD_f_1.jpg,1
consolidated_eye_fundus_images/0214_OI_f_1.jpg,1
consolidated_eye_fundus_images/0215_OD_f_1.jpg,1
consolidated_eye_fundus_images/0216_OI_f_1.jpg,1
consolidated_eye_fundus_images/0217_OD_f_1.jpg,1
consolidated_eye_fundus_images/0218_OD_f_1.jpg,1
consolidated_eye_fundus_images/0219_OD_f_1.jpg,1
consolidated_eye_fundus_images/0021_OD_f_1.jpg,1
consolidated_eye_fundus_images/0220_OD_f_1.jpg,1
consolidated_eye_fundus_images/0221_OI_f_1.jpg,1
consolidated_eye_fundus_images/0222_OD_f_1.jpg,1
consolidated_eye_fundus_images/0223_OI_f_1.jpg,1
consolidated_eye_fundus_images/0224_od_f_1.jpg,1
consolidated_eye_fundus_images/0225_OI_f_1.jpg,1
consolidated_eye_fundus_images/0226_OD_f_1.jpg,1
consolidated_eye_fundus_images/0227_OI_f_1.jpg,1
consolidated_eye_fundus_images/0228_OD_f_1.jpg,1
consolidated_eye_fundus_images/0229_OI_f_1.jpg,1
consolidated_eye_fundus_images/0022_OI_f_1.jpg,1
consolidated_eye_fundus_images/0230_OD_f_1.jpg,1
consolidated_eye_fundus_images/0231_OI_f_1.jpg,1
consolidated_eye_fundus_images/0232_OD_f_1.jpg,1
consolidated_eye_fundus_images/0233_OI_f_1.jpg,1
consolidated_eye_fundus_images/0234_OI_f_1.jpg,1
consolidated_eye_fundus_images/0235_OD_f_1.jpg,1
consolidated_eye_fundus_images/0236_OI_f_1.jpg,1
consolidated_eye_fundus_images/0237_OD_f_1.jpg,1
consolidated_eye_fundus_images/0238_OI_f_1.jpg,1
consolidated_eye_fundus_images/0239_OI_f_1.jpg,1
consolidated_eye_fundus_images/0023_OD_f_1.jpg,1
consolidated_eye_fundus_images/0240_OD_f_1.jpg,1
consolidated_eye_fundus_images/0241_OI_f_1.jpg,1
consolidated_eye_fundus_images/0242_OD_f_1.jpg,1
consolidated_eye_fundus_images/0243_OI_f_1.jpg,1
consolidated_eye_fundus_images/0244_OD_f_1.jpg,1
consolidated_eye_fundus_images/0245_OI_f_1.jpg,1
consolidated_eye_fundus_images/0246_OD_f_1.jpg,1
consolidated_eye_fundus_images/0247_OI_f_1.jpg,1
consolidated_eye_fundus_images/0248_OD_f_1.jpg,1
consolidated_eye_fundus_images/0249_OI_f_1.jpg,1
consolidated_eye_fundus_images/0024_OI_f_1.jpg,1
consolidated_eye_fundus_images/0250_OD_f_1.jpg,1
consolidated_eye_fundus_images/0251_OI_f_1.jpg,1
consolidated_eye_fundus_images/0252_OD_f_1.jpg,1
consolidated_eye_fundus_images/0253_OI_f_1.jpg,1
consolidated_eye_fundus_images/0254_OD_f_1.jpg,1
consolidated_eye_fundus_images/0255_OI_f_1.jpg,1
consolidated_eye_fundus_images/0256_OD_f_1.jpg,1
consolidated_eye_fundus_images/0257_OI_f_1.jpg,1
consolidated_eye_fundus_images/0258_OD_f_1.jpg,1
consolidated_eye_fundus_images/0259_OI_f_1.jpg,1
consolidated_eye_fundus_images/0025_OI_f_1.jpg,1
consolidated_eye_fundus_images/0260_OD_f_1.jpg,1
consolidated_eye_fundus_images/0261_OI_f_1.jpg,1
consolidated_eye_fundus_images/0262_OD_f_1.jpg,1
consolidated_eye_fundus_images/0263_OI_f_1.jpg,1
consolidated_eye_fundus_images/0264_OD_f_1.jpg,1
consolidated_eye_fundus_images/0265_OI_f_1.jpg,1
consolidated_eye_fundus_images/0266_OD_f_1.jpg,1
consolidated_eye_fundus_images/0267_OI_f_1.jpg,1
consolidated_eye_fundus_images/0268_OD_f_1.jpg,1
consolidated_eye_fundus_images/0269_OI_f_1.jpg,1
consolidated_eye_fundus_images/0026_OD_f_1.jpg,1
consolidated_eye_fundus_images/0270_OD_f_1.jpg,1
consolidated_eye_fundus_images/0271_OI_f_1.jpg,1
consolidated_eye_fundus_images/0272_OD_f_1.jpg,1
consolidated_eye_fundus_images/0273_OI_f_1.jpg,1
consolidated_eye_fundus_images/0274_OD_f_1.jpg,1
consolidated_eye_fundus_images/0275_OD_f_1.jpg,1
consolidated_eye_fundus_images/0276_OD_f_1.jpg,1
consolidated_eye_fundus_images/0277_OI_f_1.jpg,1
consolidated_eye_fundus_images/0278_OD_f_1.jpg,1
consolidated_eye_fundus_images/0279_OI_f_1.jpg,1
consolidated_eye_fundus_images/0027_OI_f_1.jpg,1
consolidated_eye_fundus_images/0280_OD_f_1.jpg,1
consolidated_eye_fundus_images/0281_OI_f_1.jpg,1
consolidated_eye_fundus_images/0282_OD_f_1.jpg,1
consolidated_eye_fundus_images/0283_OI_f_1.jpg,1
consolidated_eye_fundus_images/0284_OD_f_1.jpg,1
consolidated_eye_fundus_images/0285_OI_f_1.jpg,1
consolidated_eye_fundus_images/0286_OD_f_1.jpg,1
consolidated_eye_fundus_images/0287_OI_f_1.jpg,1
consolidated_eye_fundus_images/0288_OD_f_1.jpg,1
consolidated_eye_fundus_images/0289_OI_f_1.jpg,1
consolidated_eye_fundus_images/0028_OI_f_1.jpg,1
consolidated_eye_fundus_images/0290_OD_f_1.jpg,1
consolidated_eye_fundus_images/0291_OI_f_1.jpg,1
consolidated_eye_fundus_images/0292_OD_f_1.jpg,1
consolidated_eye_fundus_images/0293_OI_f_1.jpg,1
consolidated_eye_fundus_images/0294_OD_f_1.jpg,1
consolidated_eye_fundus_images/0295_OI_f_1.jpg,1
consolidated_eye_fundus_images/0296_OD_f_1.jpg,1
consolidated_eye_fundus_images/0297_OI_f_1.jpg,1
consolidated_eye_fundus_images/0298_OD_f_1.jpg,1
consolidated_eye_fundus_images/0299_OI_f_1.jpg,1
consolidated_eye_fundus_images/0029_OD_f_1.jpg,1
consolidated_eye_fundus_images/0002_OD_f_1.jpg,1
consolidated_eye_fundus_images/0300_OD_f_1.jpg,1
consolidated_eye_fundus_images/0301_OI_f_1.jpg,1
consolidated_eye_fundus_images/0302_OD_f_1.jpg,1
consolidated_eye_fundus_images/0303_OI_f_1.jpg,1
consolidated_eye_fundus_images/0304_OD_f_1.jpg,1
consolidated_eye_fundus_images/0305_OI_f_1.jpg,1
consolidated_eye_fundus_images/0306_OD_f_1.jpg,1
consolidated_eye_fundus_images/0307_OI_f_1.jpg,1
consolidated_eye_fundus_images/0308_OD_f_1.jpg,1
consolidated_eye_fundus_images/0309_OI_f_1.jpg,1
consolidated_eye_fundus_images/0310_OD_f_1.jpg,1
consolidated_eye_fundus_images/0311_OD_f_1.jpg,1
consolidated_eye_fundus_images/0312_OD_f_1.jpg,1
consolidated_eye_fundus_images/0313_OI_f_1.jpg,1
consolidated_eye_fundus_images/0314_OD_f_1.jpg,1
consolidated_eye_fundus_images/0315_OI_f_1.jpg,1
consolidated_eye_fundus_images/0316_OI_f_1.jpg,1
consolidated_eye_fundus_images/0317_OD_f_1.jpg,1
consolidated_eye_fundus_images/0318_OI_f_1.jpg,1
consolidated_eye_fundus_images/0319_OD_f_1.jpg,1
consolidated_eye_fundus_images/0031_OD_f_1.jpg,1
consolidated_eye_fundus_images/0320_OI_f_1.jpg,1
consolidated_eye_fundus_images/0321_OI_f_1.jpg,1
consolidated_eye_fundus_images/0322_OD_f_1.jpg,1
consolidated_eye_fundus_images/0323_OI_f_1.jpg,1
consolidated_eye_fundus_images/0324_OD_f_1.jpg,1
consolidated_eye_fundus_images/0325_OI_f_1.jpg,1
consolidated_eye_fundus_images/0326_OD_f_1.jpg,1
consolidated_eye_fundus_images/0327_OI_f_1.jpg,1
consolidated_eye_fundus_images/0328_OD_f_1.jpg,1
consolidated_eye_fundus_images/0329_OI_f_1.jpg,1
consolidated_eye_fundus_images/0032_OI_f_1.jpg,1
consolidated_eye_fundus_images/0330_OD_f_1.jpg,1
consolidated_eye_fundus_images/0331_OI_f_1.jpg,1
consolidated_eye_fundus_images/0332_OD_f_1.jpg,1
consolidated_eye_fundus_images/0333_OI_f_1.jpg,1
consolidated_eye_fundus_images/0334_OD_f_1.jpg,1
consolidated_eye_fundus_images/0335_OI_f_1.jpg,1
consolidated_eye_fundus_images/0336_OD_f_1.jpg,1
consolidated_eye_fundus_images/0336_OI_f_1.jpg,1
consolidated_eye_fundus_images/0337_OI_f_1.jpg,1
consolidated_eye_fundus_images/0338_OD_f_1.jpg,1
consolidated_eye_fundus_images/0339_OD_f_1.jpg,1
consolidated_eye_fundus_images/0033_OD_f_1.jpg,1
consolidated_eye_fundus_images/0340_OI_f_1.jpg,1
consolidated_eye_fundus_images/0341_OD_f_1.jpg,1
consolidated_eye_fundus_images/0342_OI_f_1.jpg,1
consolidated_eye_fundus_images/0343_OD_f_1.jpg,1
consolidated_eye_fundus_images/0344_OI_f_1.jpg,1
consolidated_eye_fundus_images/0345_OD_f_1.jpg,1
consolidated_eye_fundus_images/0346_OI_f_1.jpg,1
consolidated_eye_fundus_images/0346_OI_f_2.jpg,1
consolidated_eye_fundus_images/0347_OD_f_1.jpg,1
consolidated_eye_fundus_images/0348_OD_f_1.jpg,1
consolidated_eye_fundus_images/0348_OI_f_1.jpg,1
consolidated_eye_fundus_images/0349_OD_f_1.jpg,1
consolidated_eye_fundus_images/0034_OI_f_1.jpg,1
consolidated_eye_fundus_images/0350_OI_f_1.jpg,1
consolidated_eye_fundus_images/0351_OD_f_1.jpg,1
consolidated_eye_fundus_images/0352_OI_f_1.jpg,1
consolidated_eye_fundus_images/0353_OD_f_1.jpg,1
consolidated_eye_fundus_images/0354_OI_f_1.jpg,1
consolidated_eye_fundus_images/0355_OD_f_1.jpg,1
consolidated_eye_fundus_images/0356_OI_f_1.jpg,1
consolidated_eye_fundus_images/0357_OD_f_1.jpg,1
consolidated_eye_fundus_images/0358_OI_f_1.jpg,1
consolidated_eye_fundus_images/0359_OD_f_1.jpg,1
consolidated_eye_fundus_images/0035_OD_f_1.jpg,1
consolidated_eye_fundus_images/0360_OI_f_1.jpg,1
consolidated_eye_fundus_images/0361_OI_f_1.jpg,1
consolidated_eye_fundus_images/0362_OD_f_1.jpg,1
consolidated_eye_fundus_images/0363_OI_f_1.jpg,1
consolidated_eye_fundus_images/0364_OD_f_1.jpg,1
consolidated_eye_fundus_images/0365_OI_f_1.jpg,1
consolidated_eye_fundus_images/0366_od_f_1.jpg,1
consolidated_eye_fundus_images/0367_OI_f_1.jpg,1
consolidated_eye_fundus_images/0368_OD_f_1.jpg,1
consolidated_eye_fundus_images/0369_OI_f_1.jpg,1
consolidated_eye_fundus_images/0036_OI_f_1.jpg,1
consolidated_eye_fundus_images/0370_OD_f_1.jpg,1
consolidated_eye_fundus_images/0371_OI_f_1.jpg,1
consolidated_eye_fundus_images/0372_OD_f_1.jpg,1
consolidated_eye_fundus_images/0373_OI_f_1.jpg,1
consolidated_eye_fundus_images/0374_OD_f_1.jpg,1
consolidated_eye_fundus_images/0375_OI_f_1.jpg,1
consolidated_eye_fundus_images/0376_OD_f_1.jpg,1
consolidated_eye_fundus_images/0377_OI_f_1.jpg,1
consolidated_eye_fundus_images/0379_OI_f_1.jpg,1
consolidated_eye_fundus_images/0037_OD_f_1.jpg,1
consolidated_eye_fundus_images/0381_OI_f_1.jpg,1
consolidated_eye_fundus_images/0382_OI_f_1.jpg,1
consolidated_eye_fundus_images/0383_OD_f_1.jpg,1
consolidated_eye_fundus_images/0384_OI_f_1.jpg,1
consolidated_eye_fundus_images/0385_OD_f_1.jpg,1
consolidated_eye_fundus_images/0386_OI_f_1.jpg,1
consolidated_eye_fundus_images/0387_OD_f_1.jpg,1
consolidated_eye_fundus_images/0388_OI_f_1.jpg,1
consolidated_eye_fundus_images/0389_OD_f_1.jpg,1
consolidated_eye_fundus_images/0038_OI_f_1.jpg,1
consolidated_eye_fundus_images/0390_OI_f_1.jpg,1
consolidated_eye_fundus_images/0391_OD_f_1.jpg,1
consolidated_eye_fundus_images/0392_OI_f_1.jpg,1
consolidated_eye_fundus_images/0393_OD_f_1.jpg,1
consolidated_eye_fundus_images/0394_OI_f_1.jpg,1
consolidated_eye_fundus_images/0395_OD_f_1.jpg,1
consolidated_eye_fundus_images/0397_OD_f_1.jpg,1
consolidated_eye_fundus_images/0398_OI_f_1.jpg,1
consolidated_eye_fundus_images/0399_OD_f_1.jpg,1
consolidated_eye_fundus_images/0039_OD_f_1.jpg,1
consolidated_eye_fundus_images/0003_OI_f_1.jpg,1
consolidated_eye_fundus_images/0400_OI_f_1.jpg,1
consolidated_eye_fundus_images/0401_OD_f_1.jpg,1
consolidated_eye_fundus_images/0402_OI_f_1.jpg,1
consolidated_eye_fundus_images/0403_OD_f_1.jpg,1
consolidated_eye_fundus_images/0404_OI_f_1.jpg,1
consolidated_eye_fundus_images/0405_OD_f_1.jpg,1
consolidated_eye_fundus_images/0406_OI_f_1.jpg,1
consolidated_eye_fundus_images/0407_OD_f_1.jpg,1
consolidated_eye_fundus_images/0408_OI_f_1.jpg,1
consolidated_eye_fundus_images/0409_OD_f_1.jpg,1
consolidated_eye_fundus_images/0040_OI_f_1.jpg,1
consolidated_eye_fundus_images/0410_OI_f_1.jpg,1
consolidated_eye_fundus_images/0411_OD_f_1.jpg,1
consolidated_eye_fundus_images/0412_OI_f_1.jpg,1
consolidated_eye_fundus_images/0415_OD_f_1.jpg,1
consolidated_eye_fundus_images/0416_OD_f_1.jpg,1
consolidated_eye_fundus_images/0417_OI_f_1.jpg,1
consolidated_eye_fundus_images/0418_OD_f_1.jpg,1
consolidated_eye_fundus_images/0419_OI_f_1.jpg,1
consolidated_eye_fundus_images/0041_OD_f_1.jpg,1
consolidated_eye_fundus_images/0420_OD_f_1.jpg,1
consolidated_eye_fundus_images/0421_OI_f_1.jpg,1
consolidated_eye_fundus_images/0422_OD_f_1.jpg,1
consolidated_eye_fundus_images/0423_OI_f_1.jpg,1
consolidated_eye_fundus_images/0425_OI_f_1.jpg,1
consolidated_eye_fundus_images/0426_OI_f_1.jpg,1
consolidated_eye_fundus_images/0427_OI_f_1.jpg,1
consolidated_eye_fundus_images/0428_OD_f_1.jpg,1
consolidated_eye_fundus_images/0429_OI_f_1.jpg,1
consolidated_eye_fundus_images/0042_OI_f_1.jpg,1
consolidated_eye_fundus_images/0430_OD_f_1.jpg,1
consolidated_eye_fundus_images/0431_OI_f_1.jpg,1
consolidated_eye_fundus_images/0432_OI_f_1.jpg,1
consolidated_eye_fundus_images/0433_OD_f_1.jpg,1
consolidated_eye_fundus_images/0434_OI_f_1.jpg,1
consolidated_eye_fundus_images/0435_OD_f_1.jpg,1
consolidated_eye_fundus_images/0436_OI_f_1.jpg,1
consolidated_eye_fundus_images/0437_OD_f_1.jpg,1
consolidated_eye_fundus_images/0438_OI_f_1.jpg,1
consolidated_eye_fundus_images/0439_OD_f_1.jpg,1
consolidated_eye_fundus_images/0043_OD_f_1.jpg,1
consolidated_eye_fundus_images/0440_OI_f_1.jpg,1
consolidated_eye_fundus_images/0441_OD_f_1.jpg,1
consolidated_eye_fundus_images/0443_OD_f_1.jpg,1
consolidated_eye_fundus_images/0444_OI_f_1.jpg,1
consolidated_eye_fundus_images/0445_OI_f_1.jpg,1
consolidated_eye_fundus_images/0446_OD_f_1.jpg,1
consolidated_eye_fundus_images/0447_OI_f_1.jpg,1
consolidated_eye_fundus_images/0448_OD_f_1.jpg,1
consolidated_eye_fundus_images/0449_OI_f_1.jpg,1
consolidated_eye_fundus_images/0044_OI_f_1.jpg,1
consolidated_eye_fundus_images/0450_OD_f_1.jpg,1
consolidated_eye_fundus_images/0451_OI_f_1.jpg,1
consolidated_eye_fundus_images/0452_OD_f_1.jpg,1
consolidated_eye_fundus_images/0453_OI_f_1.jpg,1
consolidated_eye_fundus_images/0454_OD_f_1.jpg,1
consolidated_eye_fundus_images/0455_OI_f_1.jpg,1
consolidated_eye_fundus_images/0456_OD_f_1.jpg,1
consolidated_eye_fundus_images/0457_OI_f_1.jpg,1
consolidated_eye_fundus_images/0458_OD_f_1.jpg,1
consolidated_eye_fundus_images/0459_OI_f_1.jpg,1
consolidated_eye_fundus_images/0459_OI_f_2.jpg,1
consolidated_eye_fundus_images/0045_OD_f_1.jpg,1
consolidated_eye_fundus_images/0460_OI_f_1.jpg,1
consolidated_eye_fundus_images/0461_od_f_1.jpg,1
consolidated_eye_fundus_images/0462_OI_f_1.jpg,1
consolidated_eye_fundus_images/0463_OD_f_1.jpg,1
consolidated_eye_fundus_images/0464_OI_f_1.jpg,1
consolidated_eye_fundus_images/0465_OD_f_1.jpg,1
consolidated_eye_fundus_images/0466_OI_f_1.jpg,1
consolidated_eye_fundus_images/0467_OD_f_1.jpg,1
consolidated_eye_fundus_images/0468_OI_f_1.jpg,1
consolidated_eye_fundus_images/0469_OD_f_1.jpg,1
consolidated_eye_fundus_images/0046_OI_f_1.jpg,1
consolidated_eye_fundus_images/0470_OI_f_1.jpg,1
consolidated_eye_fundus_images/0471_OD_f_1.jpg,1
consolidated_eye_fundus_images/0472_OI_f_1.jpg,1
consolidated_eye_fundus_images/0473_OD_f_1.jpg,1
consolidated_eye_fundus_images/0473_OD_f_2.jpg,1
consolidated_eye_fundus_images/0474_OI_f_1.jpg,1
consolidated_eye_fundus_images/0475_OD_f_1.jpg,1
consolidated_eye_fundus_images/0476_OI_f_1.jpg,1
consolidated_eye_fundus_images/0478_OI_f_1.jpg,1
consolidated_eye_fundus_images/0479_OD_f_1.jpg,1
consolidated_eye_fundus_images/0047_OD_f_1.jpg,1
consolidated_eye_fundus_images/0480_OI_f_1.jpg,1
consolidated_eye_fundus_images/0481_OD_f_1.jpg,1
consolidated_eye_fundus_images/0481_OD_f_2.jpg,1
consolidated_eye_fundus_images/0482_OI_f_1.jpg,1
consolidated_eye_fundus_images/0483_OD_f_1.jpg,1
consolidated_eye_fundus_images/0483_OD_f_2.jpg,1
consolidated_eye_fundus_images/0484_OI_f_1.jpg,1
consolidated_eye_fundus_images/0485_OD_f_1.jpg,1
consolidated_eye_fundus_images/0486_OD_f_1.jpg,1
consolidated_eye_fundus_images/0487_OI_f_1.jpg,1
consolidated_eye_fundus_images/0488_OD_f_1.jpg,1
consolidated_eye_fundus_images/0488_OI_f_1.jpg,1
consolidated_eye_fundus_images/0489_OI_f_1.jpg,1
consolidated_eye_fundus_images/0048_OI_f_1.jpg,1
consolidated_eye_fundus_images/0490_OD_f_1.jpg,1
consolidated_eye_fundus_images/0491_OD_f_1.jpg,1
consolidated_eye_fundus_images/0492_OI_f_1.jpg,1
consolidated_eye_fundus_images/0493_OD_f_1.jpg,1
consolidated_eye_fundus_images/0493_OD_f_2.jpg,1
consolidated_eye_fundus_images/0494_OD_f_1.jpg,1
consolidated_eye_fundus_images/0495_OI_f_1.jpg,1
consolidated_eye_fundus_images/0496_OD_f_1.jpg,1
consolidated_eye_fundus_images/0497_OI_f_1.jpg,1
consolidated_eye_fundus_images/0498_od_f_1.jpg,1
consolidated_eye_fundus_images/0499_OI_f_1.jpg,1
consolidated_eye_fundus_images/0049_OD_f_1.jpg,1
consolidated_eye_fundus_images/0004_OD_f_1.jpg,1
consolidated_eye_fundus_images/0500_OI_f_1.jpg,1
consolidated_eye_fundus_images/0501_OD_f_1.jpg,1
consolidated_eye_fundus_images/0502_OI_f_1.jpg,1
consolidated_eye_fundus_images/0505_OD_f_1.jpg,1
consolidated_eye_fundus_images/0506_OD_f_1.jpg,1
consolidated_eye_fundus_images/0507_OI_f_1.jpg,1
consolidated_eye_fundus_images/0508_OD_f_1.jpg,1
consolidated_eye_fundus_images/0509_OI_f_1.jpg,1
consolidated_eye_fundus_images/0050_OI_f_1.jpg,1
consolidated_eye_fundus_images/0510_OD_f_1.jpg,1
consolidated_eye_fundus_images/0511_OI_f_1.jpg,1
consolidated_eye_fundus_images/0512_OD_f_1.jpg,1
consolidated_eye_fundus_images/0513_OD_f_1.jpg,1
consolidated_eye_fundus_images/0515_OI_f_1.jpg,1
consolidated_eye_fundus_images/0051_OD_f_1.jpg,1
consolidated_eye_fundus_images/0052_OI_f_1.jpg,1
consolidated_eye_fundus_images/0535_OI_f_1.jpg,1
consolidated_eye_fundus_images/0537_OI_f_1.jpg,1
consolidated_eye_fundus_images/0538_OD_f_1.jpg,1
consolidated_eye_fundus_images/0539_OI_f_1.jpg,1
consolidated_eye_fundus_images/0053_OD_f_1.jpg,1
consolidated_eye_fundus_images/0540_OD_f_1.jpg,1
consolidated_eye_fundus_images/0540_OD_f_2.jpg,1
consolidated_eye_fundus_images/0541_OD_f_1.jpg,1
consolidated_eye_fundus_images/0545_OD_f_1.jpg,1
consolidated_eye_fundus_images/0546_OD_f_1.jpg,1
consolidated_eye_fundus_images/0547_OD_f_1.jpg,1
consolidated_eye_fundus_images/0548_OI_f_1.jpg,1
consolidated_eye_fundus_images/0549_OD_f_1.jpg,1
consolidated_eye_fundus_images/0054_OI_f_1.jpg,1
consolidated_eye_fundus_images/0550_OI_f_1.jpg,1
consolidated_eye_fundus_images/0551_OD_f_1.jpg,1
consolidated_eye_fundus_images/0559_OD_f_1.jpg,1
consolidated_eye_fundus_images/0055_OD_f_1.jpg,1
consolidated_eye_fundus_images/0560_OD_f_1.jpg,1
consolidated_eye_fundus_images/0561_OI_f_1.jpg,1
consolidated_eye_fundus_images/0562_OI_f_1.jpg,1
consolidated_eye_fundus_images/0563_OI_f_1.jpg,1
consolidated_eye_fundus_images/0564_OD_f_1.jpg,1
consolidated_eye_fundus_images/0565_OD_f_1.jpg,1
consolidated_eye_fundus_images/0566_OI_f_1.jpg,1
consolidated_eye_fundus_images/0568_OI_f_1.jpg,1
consolidated_eye_fundus_images/0569_OI_f_1.jpg,1
consolidated_eye_fundus_images/0056_OI_f_1.jpg,1
consolidated_eye_fundus_images/0574_OD_f_1.jpg,1
consolidated_eye_fundus_images/0578_OD_f_1.jpg,1
consolidated_eye_fundus_images/0579_OI_f_1.jpg,1
consolidated_eye_fundus_images/0057_OD_f_1.jpg,1
consolidated_eye_fundus_images/0580_OD_f_1.jpg,1
consolidated_eye_fundus_images/0582_OD_f_1.jpg,1
consolidated_eye_fundus_images/0584_OD_f_1.jpg,1
consolidated_eye_fundus_images/0585_OI_f_1.jpg,1
consolidated_eye_fundus_images/0586_OD_f_1.jpg,1
consolidated_eye_fundus_images/0588_OD_f_1.jpg,1
consolidated_eye_fundus_images/0589_OI_f_1.jpg,1
consolidated_eye_fundus_images/0058_OI_f_1.jpg,1
consolidated_eye_fundus_images/0590_OI_f_1.jpg,1
consolidated_eye_fundus_images/0591_OD_f_1.jpg,1
consolidated_eye_fundus_images/0592_OI_f_1.jpg,1
consolidated_eye_fundus_images/0593_OD_f_1.jpg,1
consolidated_eye_fundus_images/0594_OI_f_1.jpg,1
consolidated_eye_fundus_images/0595_OI_f_1.jpg,1
consolidated_eye_fundus_images/0596_OD_f_1.jpg,1
consolidated_eye_fundus_images/0597_OI_f_1.jpg,1
consolidated_eye_fundus_images/0598_OD_f_1.jpg,1
consolidated_eye_fundus_images/0599_OI_f_1.jpg,1
consolidated_eye_fundus_images/0059_OD_f_1.jpg,1
consolidated_eye_fundus_images/0005_OI_f_1.jpg,1
consolidated_eye_fundus_images/0600_OD_f_1.jpg,1
consolidated_eye_fundus_images/0600_OI_f_1.jpg,1
consolidated_eye_fundus_images/0603_OD_f_1.jpg,1
consolidated_eye_fundus_images/0603_OD_f_2.jpg,1
consolidated_eye_fundus_images/0604_OI_f_1.jpg,1
consolidated_eye_fundus_images/0605_OI_f_1.jpg,1
consolidated_eye_fundus_images/0606_OD_f_1.jpg,1
consolidated_eye_fundus_images/0607_OD_f_1.jpg,1
consolidated_eye_fundus_images/0609_OD_f_1.jpg,1
consolidated_eye_fundus_images/0060_OD_f_1.jpg,1
consolidated_eye_fundus_images/0610_OD_f_1.jpg,1
consolidated_eye_fundus_images/0611_OD_f_1.jpg,1
consolidated_eye_fundus_images/0612_OI_f_1.jpg,1
consolidated_eye_fundus_images/0614_OD_f_1.jpg,1
consolidated_eye_fundus_images/0615_OD_f_1.jpg,1
consolidated_eye_fundus_images/0616_OD_f_1.jpg,1
consolidated_eye_fundus_images/0617_OI_f_1.jpg,1
consolidated_eye_fundus_images/0617_OI_f_2.jpg,1
consolidated_eye_fundus_images/0618_OD_f_1.jpg,1
consolidated_eye_fundus_images/0618_OI_f_1.jpg,1
consolidated_eye_fundus_images/0618_OI_f_2.jpg,1
consolidated_eye_fundus_images/0619_OD_f_1.jpg,1
consolidated_eye_fundus_images/0619_OI_f_1.jpg,1
consolidated_eye_fundus_images/0061_OI_f_1.jpg,1
consolidated_eye_fundus_images/0621_OD_f_1.jpg,1
consolidated_eye_fundus_images/0621_OI_f_1.jpg,1
consolidated_eye_fundus_images/0623_OD_f_1.jpg,1
consolidated_eye_fundus_images/0623_OI_f_1.jpg,1
consolidated_eye_fundus_images/0626_OD_f_1.jpg,1
consolidated_eye_fundus_images/0628_OD_f_1.jpg,1
consolidated_eye_fundus_images/0629_OI_f_1.jpg,1
consolidated_eye_fundus_images/0062_OD_f_1.jpg,1
consolidated_eye_fundus_images/0630_OD_f_1.jpg,1
consolidated_eye_fundus_images/0631_OI_f_1.jpg,1
consolidated_eye_fundus_images/0632_OD_f_1.jpg,1
consolidated_eye_fundus_images/0633_OI_f_1.jpg,1
consolidated_eye_fundus_images/0634_OI_f_1.jpg,1
consolidated_eye_fundus_images/0635_OD_f_1.jpg,1
consolidated_eye_fundus_images/0636_OI_f_1.jpg,1
consolidated_eye_fundus_images/0637_OD_f_1.jpg,1
consolidated_eye_fundus_images/0638_OD_f_1.jpg,1
consolidated_eye_fundus_images/0063_OI_f_1.jpg,1
consolidated_eye_fundus_images/0640_OD_f_1.jpg,1
consolidated_eye_fundus_images/0641_OD_f_1.jpg,1
consolidated_eye_fundus_images/0642_OI_f_1.jpg,1
consolidated_eye_fundus_images/0643_OD_f_1.jpg,1
consolidated_eye_fundus_images/0644_OI_f_1.jpg,1
consolidated_eye_fundus_images/0645_OI_f_1.jpg,1
consolidated_eye_fundus_images/0646_OD_f_1.jpg,1
consolidated_eye_fundus_images/0647_OI_f_1.jpg,1
consolidated_eye_fundus_images/0648_OD_f_1.jpg,1
consolidated_eye_fundus_images/0649_OI_f_1.jpg,1
consolidated_eye_fundus_images/0064_OD_f_1.jpg,1
consolidated_eye_fundus_images/0650_OD_f_1.jpg,1
consolidated_eye_fundus_images/0651_OD_f_1.jpg,1
consolidated_eye_fundus_images/0652_OI_f_1.jpg,1
consolidated_eye_fundus_images/0653_OD_f_1.jpg,1
consolidated_eye_fundus_images/0655_OD_f_1.jpg,1
consolidated_eye_fundus_images/0656_OI_f_1.jpg,1
consolidated_eye_fundus_images/0657_OD_f_1.jpg,1
consolidated_eye_fundus_images/0658_OI_f_1.jpg,1
consolidated_eye_fundus_images/0659_OD_f_1.jpg,1
consolidated_eye_fundus_images/0065_OI_f_1.jpg,1
consolidated_eye_fundus_images/0660_OD_f_1.jpg,1
consolidated_eye_fundus_images/0662_OD_f_1.jpg,1
consolidated_eye_fundus_images/0663_OD_f_1.jpg,1
consolidated_eye_fundus_images/0664_OI_f_1.jpg,1
consolidated_eye_fundus_images/0665_OD_f_1.jpg,1
consolidated_eye_fundus_images/0666_OI_f_1.jpg,1
consolidated_eye_fundus_images/0667_OD_f_1.jpg,1
consolidated_eye_fundus_images/0668_OD_f_1.jpg,1
consolidated_eye_fundus_images/0669_OI_f_1.jpg,1
consolidated_eye_fundus_images/0066_OD_f_1.jpg,1
consolidated_eye_fundus_images/0670_OD_f_1.jpg,1
consolidated_eye_fundus_images/0671_OD_f_1.jpg,1
consolidated_eye_fundus_images/0672_OI_f_1.jpg,1
consolidated_eye_fundus_images/0673_OD_f_1.jpg,1
consolidated_eye_fundus_images/0674_OI_f_1.jpg,1
consolidated_eye_fundus_images/0675_OD_f_1.jpg,1
consolidated_eye_fundus_images/0676_OI_f_1.jpg,1
consolidated_eye_fundus_images/0677_OI_f_1.jpg,1
consolidated_eye_fundus_images/0678_OI_f_1.jpg,1
consolidated_eye_fundus_images/0679_OI_f_1.jpg,1
consolidated_eye_fundus_images/0067_OI_f_1.jpg,1
consolidated_eye_fundus_images/0680_OD_f_1.jpg,1
consolidated_eye_fundus_images/0681_OD_f_1.jpg,1
consolidated_eye_fundus_images/0682_OD_f_1.jpg,1
consolidated_eye_fundus_images/0682_OI_f_1.jpg,1
consolidated_eye_fundus_images/0683_OI_f_1.jpg,1
consolidated_eye_fundus_images/0684_OD_f_1.jpg,1
consolidated_eye_fundus_images/0685_OI_f_1.jpg,1
consolidated_eye_fundus_images/0686_OD_f_1.jpg,1
consolidated_eye_fundus_images/0687_OD_f_1.jpg,1
consolidated_eye_fundus_images/0688_OI_f_1.jpg,1
consolidated_eye_fundus_images/0689_OD_f_1.jpg,1
consolidated_eye_fundus_images/0068_OD_f_1.jpg,1
consolidated_eye_fundus_images/0690_OI_f_1.jpg,1
consolidated_eye_fundus_images/0691_OD_f_1.jpg,1
consolidated_eye_fundus_images/0692_OI_f_1.jpg,1
consolidated_eye_fundus_images/0693_OD_f_1.jpg,1
consolidated_eye_fundus_images/0695_OI_f_1.jpg,1
consolidated_eye_fundus_images/0696_OD_f_1.jpg,1
consolidated_eye_fundus_images/0697_OI_f_1.jpg,1
consolidated_eye_fundus_images/0698_OI_f_1.jpg,1
consolidated_eye_fundus_images/0699_OI_f_1.jpg,1
consolidated_eye_fundus_images/0069_OI_f_1.jpg,1
consolidated_eye_fundus_images/0006_OD_f_1.jpg,1
consolidated_eye_fundus_images/0700_OD_f_1.jpg,1
consolidated_eye_fundus_images/0702_OD_f_1.jpg,1
consolidated_eye_fundus_images/0703_OD_f_1.jpg,1
consolidated_eye_fundus_images/0704_OI_f_1.jpg,1
consolidated_eye_fundus_images/0705_OD_f_1.jpg,1
consolidated_eye_fundus_images/0706_OI_f_1.jpg,1
consolidated_eye_fundus_images/0707_OI_f_1.jpg,1
consolidated_eye_fundus_images/0708_OD_f_1.jpg,1
consolidated_eye_fundus_images/0709_OI_f_1.jpg,1
consolidated_eye_fundus_images/0070_OD_f_1.jpg,1
consolidated_eye_fundus_images/0710_OD_f_1.jpg,1
consolidated_eye_fundus_images/0711_OI_f_1.jpg,1
consolidated_eye_fundus_images/0713_OI_f_1.jpg,1
consolidated_eye_fundus_images/0715_OI_f_1.jpg,1
consolidated_eye_fundus_images/0716_OD_f_1.jpg,1
consolidated_eye_fundus_images/0717_OI_f_1.jpg,1
consolidated_eye_fundus_images/0718_OI_f_1.jpg,1
consolidated_eye_fundus_images/0719_OD_f_1.jpg,1
consolidated_eye_fundus_images/0071_OI_f_1.jpg,1
consolidated_eye_fundus_images/0720_OI_f_1.jpg,1
consolidated_eye_fundus_images/0725_OD_f_1.jpg,1
consolidated_eye_fundus_images/0726_OI_f_1.jpg,1
consolidated_eye_fundus_images/0728_OI_f_1.jpg,1
consolidated_eye_fundus_images/0729_OI_f_1.jpg,1
consolidated_eye_fundus_images/0072_OD_f_1.jpg,1
consolidated_eye_fundus_images/0730_OI_f_1.jpg,1
consolidated_eye_fundus_images/0731_OD_f_1.jpg,1
consolidated_eye_fundus_images/0732_OD_f_1.jpg,1
consolidated_eye_fundus_images/0732_OD_f_2.jpg,1
consolidated_eye_fundus_images/0733_OI_f_1.jpg,1
consolidated_eye_fundus_images/0734_OI_f_1.jpg,1
consolidated_eye_fundus_images/0735_OI_f_1.jpg,1
consolidated_eye_fundus_images/0737_OI_f_1.jpg,1
consolidated_eye_fundus_images/0737_OI_f_2.jpg,1
consolidated_eye_fundus_images/0738_OD_f_1.jpg,1
consolidated_eye_fundus_images/0738_OD_f_2.jpg,1
consolidated_eye_fundus_images/0739_OI_f_1.jpg,1
consolidated_eye_fundus_images/0073_OI_f_1.jpg,1
consolidated_eye_fundus_images/0740_OD_f_1.jpg,1
consolidated_eye_fundus_images/0740_OD_f_2.jpg,1
consolidated_eye_fundus_images/0741_OD_f_1.jpg,1
consolidated_eye_fundus_images/0742_OI_f_1.jpg,1
consolidated_eye_fundus_images/0742_OI_f_2.jpg,1
consolidated_eye_fundus_images/0743_OI_f_1.jpg,1
consolidated_eye_fundus_images/0744_OD_f_1.jpg,1
consolidated_eye_fundus_images/0744_OI_f_1.jpg,1
consolidated_eye_fundus_images/0745_OI_f_1.jpg,1
consolidated_eye_fundus_images/0745_OI_f_2.jpg,1
consolidated_eye_fundus_images/0746_OD_f_1.jpg,1
consolidated_eye_fundus_images/0746_OD_f_2.jpg,1
consolidated_eye_fundus_images/0748_OD_f_1.jpg,1
consolidated_eye_fundus_images/0748_OD_f_2.jpg,1
consolidated_eye_fundus_images/0749_OI_f_1.jpg,1
consolidated_eye_fundus_images/0074_OD_f_1.jpg,1
consolidated_eye_fundus_images/0075_OI_f_1.jpg,1
consolidated_eye_fundus_images/0076_OD_f_1.jpg,1
consolidated_eye_fundus_images/0077_OD_f_1.jpg,1
consolidated_eye_fundus_images/0792_OD_f_1.jpg,1
consolidated_eye_fundus_images/0793_OI_f_1.jpg,1
consolidated_eye_fundus_images/0794_OI_f_1.jpg,1
consolidated_eye_fundus_images/0795_OD_f_1.jpg,1
consolidated_eye_fundus_images/0796_OI_f_1.jpg,1
consolidated_eye_fundus_images/0079_OI_f_1.jpg,1
consolidated_eye_fundus_images/0007_OI_f_1.jpg,1
consolidated_eye_fundus_images/0080_OD_f_1.jpg,1
consolidated_eye_fundus_images/0081_OI_f_1.jpg,1
consolidated_eye_fundus_images/0821_OD_f_1.jpg,1
consolidated_eye_fundus_images/0822_OD_f_1.jpg,1
consolidated_eye_fundus_images/0824_OD_f_1.jpg,1
consolidated_eye_fundus_images/0827_OD_f_1.jpg,1
consolidated_eye_fundus_images/0828_OD_f_1.jpg,1
consolidated_eye_fundus_images/0828_OI_f_1.jpg,1
consolidated_eye_fundus_images/0082_OD_f_1.jpg,1
consolidated_eye_fundus_images/0830_OD_f_1.jpg,1
consolidated_eye_fundus_images/0831_OI_f_1.jpg,1
consolidated_eye_fundus_images/0832_OD_f_1.jpg,1
consolidated_eye_fundus_images/0833_OI_f_1.jpg,1
consolidated_eye_fundus_images/0834_OD_f_1.jpg,1
consolidated_eye_fundus_images/0835_OI_f_1.jpg,1
consolidated_eye_fundus_images/0836_OI_f_1.jpg,1
consolidated_eye_fundus_images/0837_OD_f_1.jpg,1
consolidated_eye_fundus_images/0838_OI_f_1.jpg,1
consolidated_eye_fundus_images/0839_OI_f_1.jpg,1
consolidated_eye_fundus_images/0083_OD_f_1.jpg,1
consolidated_eye_fundus_images/0840_OD_f_1.jpg,1
consolidated_eye_fundus_images/0841_OI_f_1.jpg,1
consolidated_eye_fundus_images/0842_OD_f_1.jpg,1
consolidated_eye_fundus_images/0844_od_f_1.jpg,1
consolidated_eye_fundus_images/0845_OI_f_1.jpg,1
consolidated_eye_fundus_images/0846_OI_f_1.jpg,1
consolidated_eye_fundus_images/0847_OD_f_1.jpg,1
consolidated_eye_fundus_images/0848_OI_f_1.jpg,1
consolidated_eye_fundus_images/0849_OD_f_1.jpg,1
consolidated_eye_fundus_images/0084_OD_f_1.jpg,1
consolidated_eye_fundus_images/0850_OI_f_1.jpg,1
consolidated_eye_fundus_images/0851_OD_f_1.jpg,1
consolidated_eye_fundus_images/0852_OD_f_1.jpg,1
consolidated_eye_fundus_images/0853_OD_f_1.jpg,1
consolidated_eye_fundus_images/0854_OD_f_1.jpg,1
consolidated_eye_fundus_images/0855_OD_f_1.jpg,1
consolidated_eye_fundus_images/0856_OI_f_1.jpg,1
consolidated_eye_fundus_images/0858_OD_f_1.jpg,1
consolidated_eye_fundus_images/0859_OD_f_1.jpg,1
consolidated_eye_fundus_images/0085_OI_f_1.jpg,1
consolidated_eye_fundus_images/0860_OI_f_1.jpg,1
consolidated_eye_fundus_images/0862_OI_f_1.jpg,1
consolidated_eye_fundus_images/0863_OI_f_1.jpg,1
consolidated_eye_fundus_images/0864_OD_f_1.jpg,1
consolidated_eye_fundus_images/0866_OI_f_1.jpg,1
consolidated_eye_fundus_images/0867_OD_f_1.jpg,1
consolidated_eye_fundus_images/0868_OD_f_1.jpg,1
consolidated_eye_fundus_images/0869_OD_f_1.jpg,1
consolidated_eye_fundus_images/0086_OD_f_1.jpg,1
consolidated_eye_fundus_images/0870_OD_f_1.jpg,1
consolidated_eye_fundus_images/0871_OD_f_1.jpg,1
consolidated_eye_fundus_images/0872_OD_f_1.jpg,1
consolidated_eye_fundus_images/0873_OD_f_1.jpg,1
consolidated_eye_fundus_images/0874_od_f_1.jpg,1
consolidated_eye_fundus_images/0875_OD_f_1.jpg,1
consolidated_eye_fundus_images/0876_OD_f_1.jpg,1
consolidated_eye_fundus_images/0877_OD_f_1.jpg,1
consolidated_eye_fundus_images/0878_oi_f_1.jpg,1
consolidated_eye_fundus_images/0879_OD_f_1.jpg,1
consolidated_eye_fundus_images/0087_OI_f_1.jpg,1
consolidated_eye_fundus_images/0880_OI_f_1.jpg,1
consolidated_eye_fundus_images/0882_OD_f_1.jpg,1
consolidated_eye_fundus_images/0883_OD_f_1.jpg,1
consolidated_eye_fundus_images/0884_OD_f_1.jpg,1
consolidated_eye_fundus_images/0885_OI_f_1.jpg,1
consolidated_eye_fundus_images/0886_OD_f_1.jpg,1
consolidated_eye_fundus_images/0887_OI_f_1.jpg,1
consolidated_eye_fundus_images/0888_OD_f_1.jpg,1
consolidated_eye_fundus_images/0889_od_f_1.jpg,1
consolidated_eye_fundus_images/0088_OD_f_1.jpg,1
consolidated_eye_fundus_images/0891_OD_f_1.jpg,1
consolidated_eye_fundus_images/0891_OD_f_2.jpg,1
consolidated_eye_fundus_images/0892_OD_f_1.jpg,1
consolidated_eye_fundus_images/0893_OD_f_1.jpg,1
consolidated_eye_fundus_images/0895_OI_f_1.jpg,1
consolidated_eye_fundus_images/0896_OD_f_1.jpg,1
consolidated_eye_fundus_images/0897_OD_f_1.jpg,1
consolidated_eye_fundus_images/0898_OI_f_1.jpg,1
consolidated_eye_fundus_images/0899_OI_f_1.jpg,1
consolidated_eye_fundus_images/0089_OI_f_1.jpg,1
consolidated_eye_fundus_images/0008_OI_f_1.jpg,1
consolidated_eye_fundus_images/0900_OD_f_1.jpg,1
consolidated_eye_fundus_images/0901_OI_f_1.jpg,1
consolidated_eye_fundus_images/0090_OD_f_1.jpg,1
consolidated_eye_fundus_images/0091_OI_f_1.jpg,1
consolidated_eye_fundus_images/0092_OD_f_1.jpg,1
consolidated_eye_fundus_images/0935_OI_f_1.jpg,1
consolidated_eye_fundus_images/0936_OD_f_1.jpg,1
consolidated_eye_fundus_images/0938_OD_f_1.jpg,1
consolidated_eye_fundus_images/0939_OD_f_1.jpg,1
consolidated_eye_fundus_images/0093_OI_f_1.jpg,1
consolidated_eye_fundus_images/0940_OI_f_1.jpg,1
consolidated_eye_fundus_images/0941_OD_f_1.jpg,1
consolidated_eye_fundus_images/0942_OI_f_1.jpg,1
consolidated_eye_fundus_images/0943_OI_f_1.jpg,1
consolidated_eye_fundus_images/0943_OI_f_2.jpg,1
consolidated_eye_fundus_images/0944_OD_f_1.jpg,1
consolidated_eye_fundus_images/0944_OD_f_2.jpg,1
consolidated_eye_fundus_images/0945_OD_f_1.jpg,1
consolidated_eye_fundus_images/0945_OD_f_2.jpg,1
consolidated_eye_fundus_images/0946_OI_f_1.jpg,1
consolidated_eye_fundus_images/0947_OD_f_1.jpg,1
consolidated_eye_fundus_images/0947_OD_f_2.jpg,1
consolidated_eye_fundus_images/0948_OD_f_1.jpg,1
consolidated_eye_fundus_images/0949_OD_f_1.jpg,1
consolidated_eye_fundus_images/0949_OD_f_2.jpg,1
consolidated_eye_fundus_images/0094_OD_f_1.jpg,1
consolidated_eye_fundus_images/0950_OI_f_1.jpg,1
consolidated_eye_fundus_images/0950_OI_f_2.jpg,1
consolidated_eye_fundus_images/0951_OI_f_1.jpg,1
consolidated_eye_fundus_images/0953_OI_f_1.jpg,1
consolidated_eye_fundus_images/0954_OD_f_1.jpg,1
consolidated_eye_fundus_images/0956_OI_f_1.jpg,1
consolidated_eye_fundus_images/0957_OD_f_1.jpg,1
consolidated_eye_fundus_images/0958_OD_f_1.jpg,1
consolidated_eye_fundus_images/0095_OI_f_1.jpg,1
consolidated_eye_fundus_images/0961_OI_f_1.jpg,1
consolidated_eye_fundus_images/0962_OD_f_1.jpg,1
consolidated_eye_fundus_images/0963_OD_f_1.jpg,1
consolidated_eye_fundus_images/0963_OD_f_2.jpg,1
consolidated_eye_fundus_images/0964_OI_f_1.jpg,1
consolidated_eye_fundus_images/0964_OI_f_2.jpg,1
consolidated_eye_fundus_images/0965_OD_f_1.jpg,1
consolidated_eye_fundus_images/0965_OD_f_2.jpg,1
consolidated_eye_fundus_images/0966_OI_f_1.jpg,1
consolidated_eye_fundus_images/0966_OI_f_2.jpg,1
consolidated_eye_fundus_images/0967_OD_f_1.jpg,1
consolidated_eye_fundus_images/0968_OI_f_1.jpg,1
consolidated_eye_fundus_images/0969_OD_f_1.jpg,1
consolidated_eye_fundus_images/0969_OD_f_2.jpg,1
consolidated_eye_fundus_images/0096_OD_f_1.jpg,1
consolidated_eye_fundus_images/0970_OI_f_1.jpg,1
consolidated_eye_fundus_images/0970_OI_f_2.jpg,1
consolidated_eye_fundus_images/0971_OD_f_1.jpg,1
consolidated_eye_fundus_images/0971_OD_f_2.jpg,1
consolidated_eye_fundus_images/0972_OI_f_1.jpg,1
consolidated_eye_fundus_images/0972_OI_f_2.jpg,1
consolidated_eye_fundus_images/0973_OD_f_1.jpg,1
consolidated_eye_fundus_images/0973_OD_f_2.jpg,1
consolidated_eye_fundus_images/0974_OI_f_1.jpg,1
consolidated_eye_fundus_images/0974_OI_f_2.jpg,1
consolidated_eye_fundus_images/0975_OI_f_1.jpg,1
consolidated_eye_fundus_images/0976_OD_f_1.jpg,1
consolidated_eye_fundus_images/0977_OI_f_1.jpg,1
consolidated_eye_fundus_images/0978_OD_f_1.jpg,1
consolidated_eye_fundus_images/0979_OI_f_1.jpg,1
consolidated_eye_fundus_images/0097_OI_f_1.jpg,1
consolidated_eye_fundus_images/0981_OI_f_1.jpg,1
consolidated_eye_fundus_images/0982_OD_f_1.jpg,1
consolidated_eye_fundus_images/0983_OD_f_1.jpg,1
consolidated_eye_fundus_images/0984_OI_f_1.jpg,1
consolidated_eye_fundus_images/0985_OD_f_1.jpg,1
consolidated_eye_fundus_images/0986_OI_f_1.jpg,1
consolidated_eye_fundus_images/0987_OD_f_1.jpg,1
consolidated_eye_fundus_images/0988_OD_f_1.jpg,1
consolidated_eye_fundus_images/0989_OD_f_1.jpg,1
consolidated_eye_fundus_images/0098_OD_f_1.jpg,1
consolidated_eye_fundus_images/0990_OD_f_1.jpg,1
consolidated_eye_fundus_images/0991_OI_f_1.jpg,1
consolidated_eye_fundus_images/0992_OD_f_1.jpg,1
consolidated_eye_fundus_images/0993_OI_f_1.jpg,1
consolidated_eye_fundus_images/0994_OD_f_1.jpg,1
consolidated_eye_fundus_images/0995_OI_f_1.jpg,1
consolidated_eye_fundus_images/0996_OD_f_1.jpg,1
consolidated_eye_fundus_images/0997_OI_f_1.jpg,1
consolidated_eye_fundus_images/0099_OI_f_1.jpg,1
consolidated_eye_fundus_images/0009_OD_f_1.jpg,1
consolidated_eye_fundus_images/0381_OI_f_2.jpg,1
consolidated_eye_fundus_images/0477_OD_f_1.jpg,1
consolidated_eye_fundus_images/0497_OI_f_2.jpg,1
consolidated_eye_fundus_images/0503_OD_f_1.jpg,1
consolidated_eye_fundus_images/0504_OI_f_1.jpg,1
consolidated_eye_fundus_images/0514_OI_f_1.jpg,1
consolidated_eye_fundus_images/0581_OI_f_1.jpg,1
consolidated_eye_fundus_images/0624_OI_f_1.jpg,1
consolidated_eye_fundus_images/0661_OI_f_1.jpg,1
consolidated_eye_fundus_images/0698_OI_f_2.jpg,1
consolidated_eye_fundus_images/0712_OD_f_1.jpg,1
consolidated_eye_fundus_images/0736_OI_f_2.jpg,1
consolidated_eye_fundus_images/0960_OD_f_1.jpg,1
consolidated_eye_fundus_images/1049_OD_f_1.jpg,1
consolidated_eye_fundus_images/1075_OD_f_1.jpg,1
consolidated_eye_fundus_images/1081_OD_f_1.jpg,1
consolidated_eye_fundus_images/1114_OD_f_2.jpg,1
consolidated_eye_fundus_images/1213_OD_f_1.jpg,1
consolidated_eye_fundus_images/2012_OI_f_2.jpg,0
